replicate;Group;Relative_abundance;Time;Island
1;Algal_turf;73.3;Current;TRE
1;Macroalgae;3.3;Current;TRE
1;Enc_calcar;0;Current;TRE
1;Sponges;13.3;Current;TRE
1;Milleporids;0;Current;TRE
1;Mass_corals;0;Current;TRE
1;Zoanthids;0;Current;TRE
1;Octocorals;0;Current;TRE
1;Ascidians;0;Current;TRE
1;Polychaeta;0;Current;TRE
1;Crinoids;10;Current;TRE
1;Urchin;0;Current;TRE
1;Mollusc_shells;0;Current;TRE
1;Bryozoa;0;Current;TRE
1;Hydrozoa;0;Current;TRE
1;Anthozoa;0;Current;TRE
1;NI;0;Current;TRE
2;Algal_turf;80;Current;TRE
2;Macroalgae;0;Current;TRE
2;Enc_calcar;0;Current;TRE
2;Sponges;10;Current;TRE
2;Milleporids;0;Current;TRE
2;Mass_corals;0;Current;TRE
2;Zoanthids;0;Current;TRE
2;Octocorals;0;Current;TRE
2;Ascidians;0;Current;TRE
2;Polychaeta;0;Current;TRE
2;Crinoids;10;Current;TRE
2;Urchin;0;Current;TRE
2;Mollusc_shells;0;Current;TRE
2;Bryozoa;0;Current;TRE
2;Hydrozoa;0;Current;TRE
2;Anthozoa;0;Current;TRE
2;NI;0;Current;TRE
3;Algal_turf;66.7;Current;TRE
3;Macroalgae;0;Current;TRE
3;Enc_calcar;0;Current;TRE
3;Sponges;0;Current;TRE
3;Milleporids;0;Current;TRE
3;Mass_corals;0;Current;TRE
3;Zoanthids;0;Current;TRE
3;Octocorals;0;Current;TRE
3;Ascidians;6.7;Current;TRE
3;Polychaeta;0;Current;TRE
3;Crinoids;26.7;Current;TRE
3;Urchin;0;Current;TRE
3;Mollusc_shells;0;Current;TRE
3;Bryozoa;0;Current;TRE
3;Hydrozoa;0;Current;TRE
3;Anthozoa;0;Current;TRE
3;NI;0;Current;TRE
4;Algal_turf;73.3;Current;TRE
4;Macroalgae;6.7;Current;TRE
4;Enc_calcar;0;Current;TRE
4;Sponges;0;Current;TRE
4;Milleporids;0;Current;TRE
4;Mass_corals;0;Current;TRE
4;Zoanthids;0;Current;TRE
4;Octocorals;0;Current;TRE
4;Ascidians;0;Current;TRE
4;Polychaeta;0;Current;TRE
4;Crinoids;20;Current;TRE
4;Urchin;0;Current;TRE
4;Mollusc_shells;0;Current;TRE
4;Bryozoa;0;Current;TRE
4;Hydrozoa;0;Current;TRE
4;Anthozoa;0;Current;TRE
4;NI;0;Current;TRE
5;Algal_turf;53.3;Current;TRE
5;Macroalgae;20;Current;TRE
5;Enc_calcar;13.3;Current;TRE
5;Sponges;0;Current;TRE
5;Milleporids;0;Current;TRE
5;Mass_corals;0;Current;TRE
5;Zoanthids;0;Current;TRE
5;Octocorals;0;Current;TRE
5;Ascidians;0;Current;TRE
5;Polychaeta;0;Current;TRE
5;Crinoids;13.3;Current;TRE
5;Urchin;0;Current;TRE
5;Mollusc_shells;0;Current;TRE
5;Bryozoa;0;Current;TRE
5;Hydrozoa;0;Current;TRE
5;Anthozoa;0;Current;TRE
5;NI;0;Current;TRE
6;Algal_turf;26.6;Current;TRE
6;Macroalgae;6.6;Current;TRE
6;Enc_calcar;6.6;Current;TRE
6;Sponges;0;Current;TRE
6;Milleporids;0;Current;TRE
6;Mass_corals;0;Current;TRE
6;Zoanthids;0;Current;TRE
6;Octocorals;6.6;Current;TRE
6;Ascidians;0;Current;TRE
6;Polychaeta;0;Current;TRE
6;Crinoids;53.3;Current;TRE
6;Urchin;0;Current;TRE
6;Mollusc_shells;0;Current;TRE
6;Bryozoa;0;Current;TRE
6;Hydrozoa;0;Current;TRE
6;Anthozoa;0;Current;TRE
6;NI;0;Current;TRE
7;Algal_turf;43.3;Current;TRE
7;Macroalgae;3.3;Current;TRE
7;Enc_calcar;6.6;Current;TRE
7;Sponges;0;Current;TRE
7;Milleporids;0;Current;TRE
7;Mass_corals;0;Current;TRE
7;Zoanthids;0;Current;TRE
7;Octocorals;3.3;Current;TRE
7;Ascidians;6.6;Current;TRE
7;Polychaeta;0;Current;TRE
7;Crinoids;36.6;Current;TRE
7;Urchin;0;Current;TRE
7;Mollusc_shells;0;Current;TRE
7;Bryozoa;0;Current;TRE
7;Hydrozoa;0;Current;TRE
7;Anthozoa;0;Current;TRE
7;NI;0;Current;TRE
8;Algal_turf;56.6;Current;TRE
8;Macroalgae;20;Current;TRE
8;Enc_calcar;6.6;Current;TRE
8;Sponges;0;Current;TRE
8;Milleporids;0;Current;TRE
8;Mass_corals;0;Current;TRE
8;Zoanthids;0;Current;TRE
8;Octocorals;3.3;Current;TRE
8;Ascidians;0;Current;TRE
8;Polychaeta;0;Current;TRE
8;Crinoids;13.3;Current;TRE
8;Urchin;0;Current;TRE
8;Mollusc_shells;0;Current;TRE
8;Bryozoa;0;Current;TRE
8;Hydrozoa;0;Current;TRE
8;Anthozoa;0;Current;TRE
8;NI;0;Current;TRE
9;Algal_turf;63.3;Current;TRE
9;Macroalgae;6.6;Current;TRE
9;Enc_calcar;0;Current;TRE
9;Sponges;0;Current;TRE
9;Milleporids;0;Current;TRE
9;Mass_corals;0;Current;TRE
9;Zoanthids;0;Current;TRE
9;Octocorals;0;Current;TRE
9;Ascidians;10;Current;TRE
9;Polychaeta;0;Current;TRE
9;Crinoids;20;Current;TRE
9;Urchin;0;Current;TRE
9;Mollusc_shells;0;Current;TRE
9;Bryozoa;0;Current;TRE
9;Hydrozoa;0;Current;TRE
9;Anthozoa;0;Current;TRE
9;NI;0;Current;TRE
10;Algal_turf;73.3;Current;TRE
10;Macroalgae;0;Current;TRE
10;Enc_calcar;0;Current;TRE
10;Sponges;13.3;Current;TRE
10;Milleporids;0;Current;TRE
10;Mass_corals;0;Current;TRE
10;Zoanthids;0;Current;TRE
10;Octocorals;0;Current;TRE
10;Ascidians;3.3;Current;TRE
10;Polychaeta;0;Current;TRE
10;Crinoids;10;Current;TRE
10;Urchin;0;Current;TRE
10;Mollusc_shells;0;Current;TRE
10;Bryozoa;0;Current;TRE
10;Hydrozoa;0;Current;TRE
10;Anthozoa;0;Current;TRE
10;NI;0;Current;TRE
11;Algal_turf;63.3;Current;TRE
11;Macroalgae;13.3;Current;TRE
11;Enc_calcar;0;Current;TRE
11;Sponges;20;Current;TRE
11;Milleporids;0;Current;TRE
11;Mass_corals;0;Current;TRE
11;Zoanthids;0;Current;TRE
11;Octocorals;0;Current;TRE
11;Ascidians;0;Current;TRE
11;Polychaeta;0;Current;TRE
11;Crinoids;3.3;Current;TRE
11;Urchin;0;Current;TRE
11;Mollusc_shells;0;Current;TRE
11;Bryozoa;0;Current;TRE
11;Hydrozoa;0;Current;TRE
11;Anthozoa;0;Current;TRE
11;NI;0;Current;TRE
12;Algal_turf;43.3;Current;TRE
12;Macroalgae;33.3;Current;TRE
12;Enc_calcar;0;Current;TRE
12;Sponges;0;Current;TRE
12;Milleporids;0;Current;TRE
12;Mass_corals;0;Current;TRE
12;Zoanthids;0;Current;TRE
12;Octocorals;16.6;Current;TRE
12;Ascidians;3.3;Current;TRE
12;Polychaeta;0;Current;TRE
12;Crinoids;3.3;Current;TRE
12;Urchin;0;Current;TRE
12;Mollusc_shells;0;Current;TRE
12;Bryozoa;0;Current;TRE
12;Hydrozoa;0;Current;TRE
12;Anthozoa;0;Current;TRE
12;NI;0;Current;TRE
13;Algal_turf;10;Current;TRE
13;Macroalgae;50;Current;TRE
13;Enc_calcar;6.7;Current;TRE
13;Sponges;0;Current;TRE
13;Milleporids;0;Current;TRE
13;Mass_corals;0;Current;TRE
13;Zoanthids;0;Current;TRE
13;Octocorals;30;Current;TRE
13;Ascidians;3.3;Current;TRE
13;Polychaeta;0;Current;TRE
13;Crinoids;0;Current;TRE
13;Urchin;0;Current;TRE
13;Mollusc_shells;0;Current;TRE
13;Bryozoa;0;Current;TRE
13;Hydrozoa;0;Current;TRE
13;Anthozoa;0;Current;TRE
13;NI;0;Current;TRE
14;Algal_turf;6.7;Current;TRE
14;Macroalgae;53.3;Current;TRE
14;Enc_calcar;0;Current;TRE
14;Sponges;0;Current;TRE
14;Milleporids;0;Current;TRE
14;Mass_corals;0;Current;TRE
14;Zoanthids;0;Current;TRE
14;Octocorals;33.3;Current;TRE
14;Ascidians;0;Current;TRE
14;Polychaeta;0;Current;TRE
14;Crinoids;6.7;Current;TRE
14;Urchin;0;Current;TRE
14;Mollusc_shells;0;Current;TRE
14;Bryozoa;0;Current;TRE
14;Hydrozoa;0;Current;TRE
14;Anthozoa;0;Current;TRE
14;NI;0;Current;TRE
15;Algal_turf;6.7;Current;TRE
15;Macroalgae;20;Current;TRE
15;Enc_calcar;53.3;Current;TRE
15;Sponges;13.3;Current;TRE
15;Milleporids;0;Current;TRE
15;Mass_corals;0;Current;TRE
15;Zoanthids;0;Current;TRE
15;Octocorals;6.7;Current;TRE
15;Ascidians;0;Current;TRE
15;Polychaeta;0;Current;TRE
15;Crinoids;0;Current;TRE
15;Urchin;0;Current;TRE
15;Mollusc_shells;0;Current;TRE
15;Bryozoa;0;Current;TRE
15;Hydrozoa;0;Current;TRE
15;Anthozoa;0;Current;TRE
15;NI;0;Current;TRE
16;Algal_turf;40;Current;TRE
16;Macroalgae;30;Current;TRE
16;Enc_calcar;10;Current;TRE
16;Sponges;0;Current;TRE
16;Milleporids;0;Current;TRE
16;Mass_corals;0;Current;TRE
16;Zoanthids;0;Current;TRE
16;Octocorals;20;Current;TRE
16;Ascidians;0;Current;TRE
16;Polychaeta;0;Current;TRE
16;Crinoids;0;Current;TRE
16;Urchin;0;Current;TRE
16;Mollusc_shells;0;Current;TRE
16;Bryozoa;0;Current;TRE
16;Hydrozoa;0;Current;TRE
16;Anthozoa;0;Current;TRE
16;NI;0;Current;TRE
17;Algal_turf;0;Current;TRE
17;Macroalgae;53.3;Current;TRE
17;Enc_calcar;23.3;Current;TRE
17;Sponges;0;Current;TRE
17;Milleporids;0;Current;TRE
17;Mass_corals;0;Current;TRE
17;Zoanthids;0;Current;TRE
17;Octocorals;23.3;Current;TRE
17;Ascidians;0;Current;TRE
17;Polychaeta;0;Current;TRE
17;Crinoids;0;Current;TRE
17;Urchin;0;Current;TRE
17;Mollusc_shells;0;Current;TRE
17;Bryozoa;0;Current;TRE
17;Hydrozoa;0;Current;TRE
17;Anthozoa;0;Current;TRE
17;NI;0;Current;TRE
18;Algal_turf;16.7;Current;TRE
18;Macroalgae;23.3;Current;TRE
18;Enc_calcar;6.7;Current;TRE
18;Sponges;3.3;Current;TRE
18;Milleporids;0;Current;TRE
18;Mass_corals;0;Current;TRE
18;Zoanthids;0;Current;TRE
18;Octocorals;46.7;Current;TRE
18;Ascidians;0;Current;TRE
18;Polychaeta;0;Current;TRE
18;Crinoids;0;Current;TRE
18;Urchin;0;Current;TRE
18;Mollusc_shells;0;Current;TRE
18;Bryozoa;0;Current;TRE
18;Hydrozoa;0;Current;TRE
18;Anthozoa;0;Current;TRE
18;NI;3.3;Current;TRE
19;Algal_turf;13.3;Current;TRE
19;Macroalgae;56.7;Current;TRE
19;Enc_calcar;20;Current;TRE
19;Sponges;0;Current;TRE
19;Milleporids;0;Current;TRE
19;Mass_corals;0;Current;TRE
19;Zoanthids;0;Current;TRE
19;Octocorals;3.3;Current;TRE
19;Ascidians;0;Current;TRE
19;Polychaeta;0;Current;TRE
19;Crinoids;0;Current;TRE
19;Urchin;0;Current;TRE
19;Mollusc_shells;0;Current;TRE
19;Bryozoa;0;Current;TRE
19;Hydrozoa;0;Current;TRE
19;Anthozoa;0;Current;TRE
19;NI;6.7;Current;TRE
20;Algal_turf;0;Current;TRE
20;Macroalgae;0;Current;TRE
20;Enc_calcar;0;Current;TRE
20;Sponges;0;Current;TRE
20;Milleporids;0;Current;TRE
20;Mass_corals;0;Current;TRE
20;Zoanthids;100;Current;TRE
20;Octocorals;0;Current;TRE
20;Ascidians;0;Current;TRE
20;Polychaeta;0;Current;TRE
20;Crinoids;0;Current;TRE
20;Urchin;0;Current;TRE
20;Mollusc_shells;0;Current;TRE
20;Bryozoa;0;Current;TRE
20;Hydrozoa;0;Current;TRE
20;Anthozoa;0;Current;TRE
20;NI;0;Current;TRE
21;Algal_turf;6.7;Current;TRE
21;Macroalgae;0;Current;TRE
21;Enc_calcar;33.3;Current;TRE
21;Sponges;0;Current;TRE
21;Milleporids;0;Current;TRE
21;Mass_corals;0;Current;TRE
21;Zoanthids;50;Current;TRE
21;Octocorals;0;Current;TRE
21;Ascidians;0;Current;TRE
21;Polychaeta;0;Current;TRE
21;Crinoids;0;Current;TRE
21;Urchin;0;Current;TRE
21;Mollusc_shells;0;Current;TRE
21;Bryozoa;0;Current;TRE
21;Hydrozoa;0;Current;TRE
21;Anthozoa;0;Current;TRE
21;NI;10;Current;TRE
22;Algal_turf;0;Current;TRE
22;Macroalgae;100;Current;TRE
22;Enc_calcar;0;Current;TRE
22;Sponges;0;Current;TRE
22;Milleporids;0;Current;TRE
22;Mass_corals;0;Current;TRE
22;Zoanthids;0;Current;TRE
22;Octocorals;0;Current;TRE
22;Ascidians;0;Current;TRE
22;Polychaeta;0;Current;TRE
22;Crinoids;0;Current;TRE
22;Urchin;0;Current;TRE
22;Mollusc_shells;0;Current;TRE
22;Bryozoa;0;Current;TRE
22;Hydrozoa;0;Current;TRE
22;Anthozoa;0;Current;TRE
22;NI;0;Current;TRE
23;Algal_turf;0;Current;TRE
23;Macroalgae;43.3;Current;TRE
23;Enc_calcar;26.7;Current;TRE
23;Sponges;0;Current;TRE
23;Milleporids;0;Current;TRE
23;Mass_corals;0;Current;TRE
23;Zoanthids;0;Current;TRE
23;Octocorals;30;Current;TRE
23;Ascidians;0;Current;TRE
23;Polychaeta;0;Current;TRE
23;Crinoids;0;Current;TRE
23;Urchin;0;Current;TRE
23;Mollusc_shells;0;Current;TRE
23;Bryozoa;0;Current;TRE
23;Hydrozoa;0;Current;TRE
23;Anthozoa;0;Current;TRE
23;NI;0;Current;TRE
24;Algal_turf;0;Current;TRE
24;Macroalgae;63.3;Current;TRE
24;Enc_calcar;16.7;Current;TRE
24;Sponges;0;Current;TRE
24;Milleporids;0;Current;TRE
24;Mass_corals;0;Current;TRE
24;Zoanthids;0;Current;TRE
24;Octocorals;6.7;Current;TRE
24;Ascidians;0;Current;TRE
24;Polychaeta;0;Current;TRE
24;Crinoids;13.3;Current;TRE
24;Urchin;0;Current;TRE
24;Mollusc_shells;0;Current;TRE
24;Bryozoa;0;Current;TRE
24;Hydrozoa;0;Current;TRE
24;Anthozoa;0;Current;TRE
24;NI;0;Current;TRE
25;Algal_turf;56.7;Current;TRE
25;Macroalgae;23.3;Current;TRE
25;Enc_calcar;20;Current;TRE
25;Sponges;0;Current;TRE
25;Milleporids;0;Current;TRE
25;Mass_corals;0;Current;TRE
25;Zoanthids;0;Current;TRE
25;Octocorals;0;Current;TRE
25;Ascidians;0;Current;TRE
25;Polychaeta;0;Current;TRE
25;Crinoids;0;Current;TRE
25;Urchin;0;Current;TRE
25;Mollusc_shells;0;Current;TRE
25;Bryozoa;0;Current;TRE
25;Hydrozoa;0;Current;TRE
25;Anthozoa;0;Current;TRE
25;NI;0;Current;TRE
26;Algal_turf;63.3;Current;TRE
26;Macroalgae;36.7;Current;TRE
26;Enc_calcar;0;Current;TRE
26;Sponges;0;Current;TRE
26;Milleporids;0;Current;TRE
26;Mass_corals;0;Current;TRE
26;Zoanthids;0;Current;TRE
26;Octocorals;0;Current;TRE
26;Ascidians;0;Current;TRE
26;Polychaeta;0;Current;TRE
26;Crinoids;0;Current;TRE
26;Urchin;0;Current;TRE
26;Mollusc_shells;0;Current;TRE
26;Bryozoa;0;Current;TRE
26;Hydrozoa;0;Current;TRE
26;Anthozoa;0;Current;TRE
26;NI;0;Current;TRE
27;Algal_turf;23.3;Current;TRE
27;Macroalgae;76.7;Current;TRE
27;Enc_calcar;0;Current;TRE
27;Sponges;0;Current;TRE
27;Milleporids;0;Current;TRE
27;Mass_corals;0;Current;TRE
27;Zoanthids;0;Current;TRE
27;Octocorals;0;Current;TRE
27;Ascidians;0;Current;TRE
27;Polychaeta;0;Current;TRE
27;Crinoids;0;Current;TRE
27;Urchin;0;Current;TRE
27;Mollusc_shells;0;Current;TRE
27;Bryozoa;0;Current;TRE
27;Hydrozoa;0;Current;TRE
27;Anthozoa;0;Current;TRE
27;NI;0;Current;TRE
28;Algal_turf;70;Current;TRE
28;Macroalgae;16.7;Current;TRE
28;Enc_calcar;0;Current;TRE
28;Sponges;0;Current;TRE
28;Milleporids;0;Current;TRE
28;Mass_corals;0;Current;TRE
28;Zoanthids;0;Current;TRE
28;Octocorals;0;Current;TRE
28;Ascidians;0;Current;TRE
28;Polychaeta;3.3;Current;TRE
28;Crinoids;0;Current;TRE
28;Urchin;0;Current;TRE
28;Mollusc_shells;0;Current;TRE
28;Bryozoa;0;Current;TRE
28;Hydrozoa;0;Current;TRE
28;Anthozoa;10;Current;TRE
28;NI;0;Current;TRE
29;Algal_turf;53.3;Current;TRE
29;Macroalgae;13.3;Current;TRE
29;Enc_calcar;0;Current;TRE
29;Sponges;3.3;Current;TRE
29;Milleporids;0;Current;TRE
29;Mass_corals;0;Current;TRE
29;Zoanthids;0;Current;TRE
29;Octocorals;0;Current;TRE
29;Ascidians;13.3;Current;TRE
29;Polychaeta;0;Current;TRE
29;Crinoids;10;Current;TRE
29;Urchin;0;Current;TRE
29;Mollusc_shells;0;Current;TRE
29;Bryozoa;0;Current;TRE
29;Hydrozoa;6.7;Current;TRE
29;Anthozoa;0;Current;TRE
29;NI;0;Current;TRE
30;Algal_turf;60;Current;TRE
30;Macroalgae;20;Current;TRE
30;Enc_calcar;0;Current;TRE
30;Sponges;0;Current;TRE
30;Milleporids;0;Current;TRE
30;Mass_corals;0;Current;TRE
30;Zoanthids;0;Current;TRE
30;Octocorals;0;Current;TRE
30;Ascidians;13.3;Current;TRE
30;Polychaeta;0;Current;TRE
30;Crinoids;6.7;Current;TRE
30;Urchin;0;Current;TRE
30;Mollusc_shells;0;Current;TRE
30;Bryozoa;0;Current;TRE
30;Hydrozoa;0;Current;TRE
30;Anthozoa;0;Current;TRE
30;NI;0;Current;TRE
31;Algal_turf;66.7;Current;TRE
31;Macroalgae;16.7;Current;TRE
31;Enc_calcar;0;Current;TRE
31;Sponges;0;Current;TRE
31;Milleporids;0;Current;TRE
31;Mass_corals;0;Current;TRE
31;Zoanthids;0;Current;TRE
31;Octocorals;0;Current;TRE
31;Ascidians;16.7;Current;TRE
31;Polychaeta;0;Current;TRE
31;Crinoids;0;Current;TRE
31;Urchin;0;Current;TRE
31;Mollusc_shells;0;Current;TRE
31;Bryozoa;0;Current;TRE
31;Hydrozoa;0;Current;TRE
31;Anthozoa;0;Current;TRE
31;NI;0;Current;TRE
32;Algal_turf;26.7;Current;TRE
32;Macroalgae;73.7;Current;TRE
32;Enc_calcar;0;Current;TRE
32;Sponges;0;Current;TRE
32;Milleporids;0;Current;TRE
32;Mass_corals;0;Current;TRE
32;Zoanthids;0;Current;TRE
32;Octocorals;0;Current;TRE
32;Ascidians;0;Current;TRE
32;Polychaeta;0;Current;TRE
32;Crinoids;0;Current;TRE
32;Urchin;0;Current;TRE
32;Mollusc_shells;0;Current;TRE
32;Bryozoa;0;Current;TRE
32;Hydrozoa;0;Current;TRE
32;Anthozoa;0;Current;TRE
32;NI;0;Current;TRE
33;Algal_turf;63.3;Current;TRE
33;Macroalgae;20;Current;TRE
33;Enc_calcar;0;Current;TRE
33;Sponges;0;Current;TRE
33;Milleporids;0;Current;TRE
33;Mass_corals;0;Current;TRE
33;Zoanthids;0;Current;TRE
33;Octocorals;0;Current;TRE
33;Ascidians;13.3;Current;TRE
33;Polychaeta;0;Current;TRE
33;Crinoids;0;Current;TRE
33;Urchin;0;Current;TRE
33;Mollusc_shells;0;Current;TRE
33;Bryozoa;0;Current;TRE
33;Hydrozoa;0;Current;TRE
33;Anthozoa;0;Current;TRE
33;NI;3.3;Current;TRE
34;Algal_turf;73.3;Current;TRE
34;Macroalgae;20;Current;TRE
34;Enc_calcar;0;Current;TRE
34;Sponges;0;Current;TRE
34;Milleporids;0;Current;TRE
34;Mass_corals;0;Current;TRE
34;Zoanthids;0;Current;TRE
34;Octocorals;0;Current;TRE
34;Ascidians;6.7;Current;TRE
34;Polychaeta;0;Current;TRE
34;Crinoids;0;Current;TRE
34;Urchin;0;Current;TRE
34;Mollusc_shells;0;Current;TRE
34;Bryozoa;0;Current;TRE
34;Hydrozoa;0;Current;TRE
34;Anthozoa;0;Current;TRE
34;NI;0;Current;TRE
35;Algal_turf;80;Current;TRE
35;Macroalgae;10;Current;TRE
35;Enc_calcar;0;Current;TRE
35;Sponges;6.7;Current;TRE
35;Milleporids;0;Current;TRE
35;Mass_corals;0;Current;TRE
35;Zoanthids;0;Current;TRE
35;Octocorals;0;Current;TRE
35;Ascidians;0;Current;TRE
35;Polychaeta;3.3;Current;TRE
35;Crinoids;0;Current;TRE
35;Urchin;0;Current;TRE
35;Mollusc_shells;0;Current;TRE
35;Bryozoa;0;Current;TRE
35;Hydrozoa;0;Current;TRE
35;Anthozoa;0;Current;TRE
35;NI;0;Current;TRE
36;Algal_turf;43.3;Current;TRE
36;Macroalgae;50;Current;TRE
36;Enc_calcar;0;Current;TRE
36;Sponges;6.7;Current;TRE
36;Milleporids;0;Current;TRE
36;Mass_corals;0;Current;TRE
36;Zoanthids;0;Current;TRE
36;Octocorals;0;Current;TRE
36;Ascidians;0;Current;TRE
36;Polychaeta;0;Current;TRE
36;Crinoids;0;Current;TRE
36;Urchin;0;Current;TRE
36;Mollusc_shells;0;Current;TRE
36;Bryozoa;0;Current;TRE
36;Hydrozoa;0;Current;TRE
36;Anthozoa;0;Current;TRE
36;NI;0;Current;TRE
1;Algal_turf;50.99;Previous;TRE
1;Macroalgae;20.17;Previous;TRE
1;Enc_calcar;0;Previous;TRE
1;Sponges;1.57;Previous;TRE
1;Milleporids;9.24;Previous;TRE
1;Mass_corals;14.34;Previous;TRE
1;Zoanthids;0;Previous;TRE
1;Octocorals;3.69;Previous;TRE
2;Algal_turf;38.2;Previous;TRE
2;Macroalgae;0;Previous;TRE
2;Enc_calcar;0;Previous;TRE
2;Sponges;10.37;Previous;TRE
2;Milleporids;8.85;Previous;TRE
2;Mass_corals;2.01;Previous;TRE
2;Zoanthids;0;Previous;TRE
2;Octocorals;40.57;Previous;TRE
3;Algal_turf;51.38;Previous;TRE
3;Macroalgae;0;Previous;TRE
3;Enc_calcar;12.49;Previous;TRE
3;Sponges;3.77;Previous;TRE
3;Milleporids;12.69;Previous;TRE
3;Mass_corals;1.2;Previous;TRE
3;Zoanthids;15.13;Previous;TRE
3;Octocorals;3.34;Previous;TRE
4;Algal_turf;55.56;Previous;TRE
4;Macroalgae;5.29;Previous;TRE
4;Enc_calcar;0;Previous;TRE
4;Sponges;17.52;Previous;TRE
4;Milleporids;7.94;Previous;TRE
4;Mass_corals;0;Previous;TRE
4;Zoanthids;0;Previous;TRE
4;Octocorals;13.69;Previous;TRE
5;Algal_turf;29.84;Previous;TRE
5;Macroalgae;28.69;Previous;TRE
5;Enc_calcar;1.28;Previous;TRE
5;Sponges;7.67;Previous;TRE
5;Milleporids;8.53;Previous;TRE
5;Mass_corals;4.21;Previous;TRE
5;Zoanthids;8.55;Previous;TRE
5;Octocorals;11.23;Previous;TRE
6;Algal_turf;56.02;Previous;TRE
6;Macroalgae;0;Previous;TRE
6;Enc_calcar;15.84;Previous;TRE
6;Sponges;0.55;Previous;TRE
6;Milleporids;9.08;Previous;TRE
6;Mass_corals;0.6;Previous;TRE
6;Zoanthids;11.38;Previous;TRE
6;Octocorals;6.53;Previous;TRE
7;Algal_turf;45.49;Previous;TRE
7;Macroalgae;11.39;Previous;TRE
7;Enc_calcar;2.36;Previous;TRE
7;Sponges;5.97;Previous;TRE
7;Milleporids;12.95;Previous;TRE
7;Mass_corals;0;Previous;TRE
7;Zoanthids;19.06;Previous;TRE
7;Octocorals;2.78;Previous;TRE
8;Algal_turf;18.55;Previous;TRE
8;Macroalgae;17.79;Previous;TRE
8;Enc_calcar;0;Previous;TRE
8;Sponges;0;Previous;TRE
8;Milleporids;0;Previous;TRE
8;Mass_corals;0;Previous;TRE
8;Zoanthids;27.48;Previous;TRE
8;Octocorals;36.18;Previous;TRE
9;Algal_turf;28.31;Previous;TRE
9;Macroalgae;0;Previous;TRE
9;Enc_calcar;0;Previous;TRE
9;Sponges;13.57;Previous;TRE
9;Milleporids;26.18;Previous;TRE
9;Mass_corals;0.47;Previous;TRE
9;Zoanthids;0.74;Previous;TRE
9;Octocorals;30.73;Previous;TRE
10;Algal_turf;35.51;Previous;TRE
10;Macroalgae;8.72;Previous;TRE
10;Enc_calcar;10.21;Previous;TRE
10;Sponges;0;Previous;TRE
10;Milleporids;0.68;Previous;TRE
10;Mass_corals;0;Previous;TRE
10;Zoanthids;33.68;Previous;TRE
10;Octocorals;11.2;Previous;TRE
11;Algal_turf;36.38;Previous;TRE
11;Macroalgae;18.14;Previous;TRE
11;Enc_calcar;0;Previous;TRE
11;Sponges;14.33;Previous;TRE
11;Milleporids;1.86;Previous;TRE
11;Mass_corals;0;Previous;TRE
11;Zoanthids;21.19;Previous;TRE
11;Octocorals;8.1;Previous;TRE
12;Algal_turf;40.46;Previous;TRE
12;Macroalgae;13.85;Previous;TRE
12;Enc_calcar;0;Previous;TRE
12;Sponges;0;Previous;TRE
12;Milleporids;16.47;Previous;TRE
12;Mass_corals;0;Previous;TRE
12;Zoanthids;22.01;Previous;TRE
12;Octocorals;7.21;Previous;TRE
13;Algal_turf;45.72;Previous;TRE
13;Macroalgae;8.58;Previous;TRE
13;Enc_calcar;0.19;Previous;TRE
13;Sponges;0;Previous;TRE
13;Milleporids;17.15;Previous;TRE
13;Mass_corals;9.95;Previous;TRE
13;Zoanthids;0;Previous;TRE
13;Octocorals;18.41;Previous;TRE
14;Algal_turf;44.47;Previous;TRE
14;Macroalgae;1.05;Previous;TRE
14;Enc_calcar;4.75;Previous;TRE
14;Sponges;11.63;Previous;TRE
14;Milleporids;0;Previous;TRE
14;Mass_corals;1.96;Previous;TRE
14;Zoanthids;36.14;Previous;TRE
14;Octocorals;0;Previous;TRE
15;Algal_turf;25.29;Previous;TRE
15;Macroalgae;0;Previous;TRE
15;Enc_calcar;18.41;Previous;TRE
15;Sponges;7.49;Previous;TRE
15;Milleporids;0;Previous;TRE
15;Mass_corals;7.09;Previous;TRE
15;Zoanthids;10.7;Previous;TRE
15;Octocorals;31.02;Previous;TRE
16;Algal_turf;59.55;Previous;TRE
16;Macroalgae;20.86;Previous;TRE
16;Enc_calcar;2;Previous;TRE
16;Sponges;0;Previous;TRE
16;Milleporids;0;Previous;TRE
16;Mass_corals;0;Previous;TRE
16;Zoanthids;15.03;Previous;TRE
16;Octocorals;2.56;Previous;TRE
17;Algal_turf;54.42;Previous;TRE
17;Macroalgae;0;Previous;TRE
17;Enc_calcar;15.22;Previous;TRE
17;Sponges;0;Previous;TRE
17;Milleporids;6.95;Previous;TRE
17;Mass_corals;0;Previous;TRE
17;Zoanthids;23.4;Previous;TRE
17;Octocorals;0.01;Previous;TRE
18;Algal_turf;0;Previous;TRE
18;Macroalgae;36.65;Previous;TRE
18;Enc_calcar;16.8;Previous;TRE
18;Sponges;7.3;Previous;TRE
18;Milleporids;10.83;Previous;TRE
18;Mass_corals;0;Previous;TRE
18;Zoanthids;18.17;Previous;TRE
18;Octocorals;10.25;Previous;TRE
19;Algal_turf;41.81;Previous;TRE
19;Macroalgae;31.51;Previous;TRE
19;Enc_calcar;1.86;Previous;TRE
19;Sponges;2.03;Previous;TRE
19;Milleporids;6.34;Previous;TRE
19;Mass_corals;0;Previous;TRE
19;Zoanthids;8.23;Previous;TRE
19;Octocorals;8.22;Previous;TRE
20;Algal_turf;27.78;Previous;TRE
20;Macroalgae;0;Previous;TRE
20;Enc_calcar;0;Previous;TRE
20;Sponges;0;Previous;TRE
20;Milleporids;10.16;Previous;TRE
20;Mass_corals;9.63;Previous;TRE
20;Zoanthids;27.43;Previous;TRE
20;Octocorals;25;Previous;TRE
21;Algal_turf;18.32;Previous;TRE
21;Macroalgae;25.74;Previous;TRE
21;Enc_calcar;0;Previous;TRE
21;Sponges;3.95;Previous;TRE
21;Milleporids;0;Previous;TRE
21;Mass_corals;0;Previous;TRE
21;Zoanthids;28.95;Previous;TRE
21;Octocorals;23.04;Previous;TRE
22;Algal_turf;40.43;Previous;TRE
22;Macroalgae;4.47;Previous;TRE
22;Enc_calcar;0;Previous;TRE
22;Sponges;5.54;Previous;TRE
22;Milleporids;0;Previous;TRE
22;Mass_corals;4.19;Previous;TRE
22;Zoanthids;32.55;Previous;TRE
22;Octocorals;12.82;Previous;TRE
23;Algal_turf;16.44;Previous;TRE
23;Macroalgae;0;Previous;TRE
23;Enc_calcar;4.24;Previous;TRE
23;Sponges;4.77;Previous;TRE
23;Milleporids;16.15;Previous;TRE
23;Mass_corals;6.57;Previous;TRE
23;Zoanthids;51.84;Previous;TRE
23;Octocorals;-0.01;Previous;TRE
24;Algal_turf;29.03;Previous;TRE
24;Macroalgae;0;Previous;TRE
24;Enc_calcar;21.1;Previous;TRE
24;Sponges;0;Previous;TRE
24;Milleporids;16.1;Previous;TRE
24;Mass_corals;3.66;Previous;TRE
24;Zoanthids;29.01;Previous;TRE
24;Octocorals;1.1;Previous;TRE
25;Algal_turf;30.48;Previous;TRE
25;Macroalgae;0;Previous;TRE
25;Enc_calcar;31.97;Previous;TRE
25;Sponges;9.19;Previous;TRE
25;Milleporids;0;Previous;TRE
25;Mass_corals;0;Previous;TRE
25;Zoanthids;18.77;Previous;TRE
25;Octocorals;9.59;Previous;TRE
26;Algal_turf;0.56;Previous;TRE
26;Macroalgae;0;Previous;TRE
26;Enc_calcar;23.27;Previous;TRE
26;Sponges;20.29;Previous;TRE
26;Milleporids;4.42;Previous;TRE
26;Mass_corals;8.35;Previous;TRE
26;Zoanthids;0;Previous;TRE
26;Octocorals;43.11;Previous;TRE
27;Algal_turf;46.79;Previous;TRE
27;Macroalgae;0;Previous;TRE
27;Enc_calcar;1.81;Previous;TRE
27;Sponges;5.84;Previous;TRE
27;Milleporids;0;Previous;TRE
27;Mass_corals;2.23;Previous;TRE
27;Zoanthids;43.32;Previous;TRE
27;Octocorals;0.01;Previous;TRE
28;Algal_turf;48.42;Previous;TRE
28;Macroalgae;23.08;Previous;TRE
28;Enc_calcar;0;Previous;TRE
28;Sponges;0;Previous;TRE
28;Milleporids;0;Previous;TRE
28;Mass_corals;0;Previous;TRE
28;Zoanthids;5.12;Previous;TRE
28;Octocorals;23.38;Previous;TRE
29;Algal_turf;11.1;Previous;TRE
29;Macroalgae;38.29;Previous;TRE
29;Enc_calcar;0;Previous;TRE
29;Sponges;0;Previous;TRE
29;Milleporids;5.22;Previous;TRE
29;Mass_corals;0;Previous;TRE
29;Zoanthids;41.81;Previous;TRE
29;Octocorals;3.58;Previous;TRE
30;Algal_turf;48.99;Previous;TRE
30;Macroalgae;0;Previous;TRE
30;Enc_calcar;3.2;Previous;TRE
30;Sponges;4.48;Previous;TRE
30;Milleporids;2.68;Previous;TRE
30;Mass_corals;9.06;Previous;TRE
30;Zoanthids;12.9;Previous;TRE
30;Octocorals;18.69;Previous;TRE
31;Algal_turf;39.97;Previous;TRE
31;Macroalgae;18.04;Previous;TRE
31;Enc_calcar;9.67;Previous;TRE
31;Sponges;0;Previous;TRE
31;Milleporids;2.88;Previous;TRE
31;Mass_corals;0;Previous;TRE
31;Zoanthids;29.44;Previous;TRE
31;Octocorals;0;Previous;TRE
32;Algal_turf;34.04;Previous;TRE
32;Macroalgae;22.87;Previous;TRE
32;Enc_calcar;13.66;Previous;TRE
32;Sponges;0;Previous;TRE
32;Milleporids;7.17;Previous;TRE
32;Mass_corals;0;Previous;TRE
32;Zoanthids;10.86;Previous;TRE
32;Octocorals;11.4;Previous;TRE
33;Algal_turf;44.53;Previous;TRE
33;Macroalgae;10.55;Previous;TRE
33;Enc_calcar;7.66;Previous;TRE
33;Sponges;8.56;Previous;TRE
33;Milleporids;10.31;Previous;TRE
33;Mass_corals;3.46;Previous;TRE
33;Zoanthids;14.94;Previous;TRE
33;Octocorals;-0.01;Previous;TRE
34;Algal_turf;57.44;Previous;TRE
34;Macroalgae;0;Previous;TRE
34;Enc_calcar;0;Previous;TRE
34;Sponges;0;Previous;TRE
34;Milleporids;6.5;Previous;TRE
34;Mass_corals;3.39;Previous;TRE
34;Zoanthids;14.9;Previous;TRE
34;Octocorals;17.77;Previous;TRE
35;Algal_turf;53.02;Previous;TRE
35;Macroalgae;5.73;Previous;TRE
35;Enc_calcar;10.87;Previous;TRE
35;Sponges;0;Previous;TRE
35;Milleporids;0;Previous;TRE
35;Mass_corals;0;Previous;TRE
35;Zoanthids;8.36;Previous;TRE
35;Octocorals;22.02;Previous;TRE
36;Algal_turf;47.85;Previous;TRE
36;Macroalgae;3.01;Previous;TRE
36;Enc_calcar;0;Previous;TRE
36;Sponges;15.28;Previous;TRE
36;Milleporids;0;Previous;TRE
36;Mass_corals;0;Previous;TRE
36;Zoanthids;8.85;Previous;TRE
36;Octocorals;25.01;Previous;TRE
37;Algal_turf;41.51;Previous;TRE
37;Macroalgae;14.54;Previous;TRE
37;Enc_calcar;4.22;Previous;TRE
37;Sponges;0;Previous;TRE
37;Milleporids;2.54;Previous;TRE
37;Mass_corals;1.06;Previous;TRE
37;Zoanthids;22.29;Previous;TRE
37;Octocorals;13.84;Previous;TRE
38;Algal_turf;35.24;Previous;TRE
38;Macroalgae;1.73;Previous;TRE
38;Enc_calcar;4.01;Previous;TRE
38;Sponges;10.37;Previous;TRE
38;Milleporids;7.29;Previous;TRE
38;Mass_corals;7.22;Previous;TRE
38;Zoanthids;8.31;Previous;TRE
38;Octocorals;25.83;Previous;TRE
39;Algal_turf;34.86;Previous;TRE
39;Macroalgae;27.54;Previous;TRE
39;Enc_calcar;8.42;Previous;TRE
39;Sponges;0;Previous;TRE
39;Milleporids;0;Previous;TRE
39;Mass_corals;5.6;Previous;TRE
39;Zoanthids;0;Previous;TRE
39;Octocorals;23.58;Previous;TRE
40;Algal_turf;54.56;Previous;TRE
40;Macroalgae;3.26;Previous;TRE
40;Enc_calcar;6.83;Previous;TRE
40;Sponges;0;Previous;TRE
40;Milleporids;4.69;Previous;TRE
40;Mass_corals;0;Previous;TRE
40;Zoanthids;16.12;Previous;TRE
40;Octocorals;14.54;Previous;TRE
41;Algal_turf;22.91;Previous;TRE
41;Macroalgae;26.36;Previous;TRE
41;Enc_calcar;0;Previous;TRE
41;Sponges;2.07;Previous;TRE
41;Milleporids;14.52;Previous;TRE
41;Mass_corals;0;Previous;TRE
41;Zoanthids;20.2;Previous;TRE
41;Octocorals;13.94;Previous;TRE
42;Algal_turf;46.75;Previous;TRE
42;Macroalgae;0;Previous;TRE
42;Enc_calcar;14.66;Previous;TRE
42;Sponges;0;Previous;TRE
42;Milleporids;4.64;Previous;TRE
42;Mass_corals;4.49;Previous;TRE
42;Zoanthids;29.46;Previous;TRE
42;Octocorals;0;Previous;TRE
43;Algal_turf;20.47;Previous;TRE
43;Macroalgae;0;Previous;TRE
43;Enc_calcar;14.86;Previous;TRE
43;Sponges;0;Previous;TRE
43;Milleporids;0;Previous;TRE
43;Mass_corals;5.5;Previous;TRE
43;Zoanthids;43.83;Previous;TRE
43;Octocorals;15.34;Previous;TRE
44;Algal_turf;47.92;Previous;TRE
44;Macroalgae;34.95;Previous;TRE
44;Enc_calcar;0.52;Previous;TRE
44;Sponges;1.37;Previous;TRE
44;Milleporids;0.89;Previous;TRE
44;Mass_corals;2.76;Previous;TRE
44;Zoanthids;0;Previous;TRE
44;Octocorals;11.59;Previous;TRE
45;Algal_turf;51.09;Previous;TRE
45;Macroalgae;0.83;Previous;TRE
45;Enc_calcar;3.61;Previous;TRE
45;Sponges;7.17;Previous;TRE
45;Milleporids;12.42;Previous;TRE
45;Mass_corals;0;Previous;TRE
45;Zoanthids;13.6;Previous;TRE
45;Octocorals;11.28;Previous;TRE
46;Algal_turf;14.91;Previous;TRE
46;Macroalgae;15.1;Previous;TRE
46;Enc_calcar;5.44;Previous;TRE
46;Sponges;0;Previous;TRE
46;Milleporids;11.51;Previous;TRE
46;Mass_corals;7.25;Previous;TRE
46;Zoanthids;30.25;Previous;TRE
46;Octocorals;15.54;Previous;TRE
47;Algal_turf;28.6;Previous;TRE
47;Macroalgae;18.6;Previous;TRE
47;Enc_calcar;5.48;Previous;TRE
47;Sponges;0;Previous;TRE
47;Milleporids;16.77;Previous;TRE
47;Mass_corals;0;Previous;TRE
47;Zoanthids;30.56;Previous;TRE
47;Octocorals;-0.01;Previous;TRE
48;Algal_turf;37.18;Previous;TRE
48;Macroalgae;0;Previous;TRE
48;Enc_calcar;25.66;Previous;TRE
48;Sponges;13.37;Previous;TRE
48;Milleporids;7.86;Previous;TRE
48;Mass_corals;0.3;Previous;TRE
48;Zoanthids;11.16;Previous;TRE
48;Octocorals;4.47;Previous;TRE
49;Algal_turf;57.48;Previous;TRE
49;Macroalgae;17.49;Previous;TRE
49;Enc_calcar;1.43;Previous;TRE
49;Sponges;0;Previous;TRE
49;Milleporids;8.93;Previous;TRE
49;Mass_corals;5.74;Previous;TRE
49;Zoanthids;7.08;Previous;TRE
49;Octocorals;1.85;Previous;TRE
50;Algal_turf;31.6;Previous;TRE
50;Macroalgae;12.55;Previous;TRE
50;Enc_calcar;4.42;Previous;TRE
50;Sponges;4.28;Previous;TRE
50;Milleporids;0;Previous;TRE
50;Mass_corals;5.91;Previous;TRE
50;Zoanthids;29.92;Previous;TRE
50;Octocorals;11.32;Previous;TRE
51;Algal_turf;54.1;Previous;TRE
51;Macroalgae;5.53;Previous;TRE
51;Enc_calcar;18.06;Previous;TRE
51;Sponges;9.19;Previous;TRE
51;Milleporids;13.12;Previous;TRE
51;Mass_corals;0;Previous;TRE
51;Zoanthids;0;Previous;TRE
51;Octocorals;0;Previous;TRE
52;Algal_turf;42.78;Previous;TRE
52;Macroalgae;10.54;Previous;TRE
52;Enc_calcar;15.43;Previous;TRE
52;Sponges;6.05;Previous;TRE
52;Milleporids;0;Previous;TRE
52;Mass_corals;2.74;Previous;TRE
52;Zoanthids;5.81;Previous;TRE
52;Octocorals;16.65;Previous;TRE
53;Algal_turf;40.55;Previous;TRE
53;Macroalgae;8.24;Previous;TRE
53;Enc_calcar;15.7;Previous;TRE
53;Sponges;9.79;Previous;TRE
53;Milleporids;0;Previous;TRE
53;Mass_corals;5.34;Previous;TRE
53;Zoanthids;20.38;Previous;TRE
53;Octocorals;0;Previous;TRE
54;Algal_turf;46.71;Previous;TRE
54;Macroalgae;30.1;Previous;TRE
54;Enc_calcar;0;Previous;TRE
54;Sponges;1.07;Previous;TRE
54;Milleporids;3.9;Previous;TRE
54;Mass_corals;0;Previous;TRE
54;Zoanthids;0;Previous;TRE
54;Octocorals;18.22;Previous;TRE
55;Algal_turf;29.07;Previous;TRE
55;Macroalgae;0;Previous;TRE
55;Enc_calcar;19.83;Previous;TRE
55;Sponges;0;Previous;TRE
55;Milleporids;21.38;Previous;TRE
55;Mass_corals;3.74;Previous;TRE
55;Zoanthids;14.04;Previous;TRE
55;Octocorals;11.94;Previous;TRE
56;Algal_turf;54.8;Previous;TRE
56;Macroalgae;0;Previous;TRE
56;Enc_calcar;3.13;Previous;TRE
56;Sponges;0;Previous;TRE
56;Milleporids;9.61;Previous;TRE
56;Mass_corals;0;Previous;TRE
56;Zoanthids;30.64;Previous;TRE
56;Octocorals;1.82;Previous;TRE
57;Algal_turf;4.3;Previous;TRE
57;Macroalgae;10.72;Previous;TRE
57;Enc_calcar;25.99;Previous;TRE
57;Sponges;2.27;Previous;TRE
57;Milleporids;19.97;Previous;TRE
57;Mass_corals;8.47;Previous;TRE
57;Zoanthids;14.25;Previous;TRE
57;Octocorals;14.03;Previous;TRE
58;Algal_turf;52.58;Previous;TRE
58;Macroalgae;13.77;Previous;TRE
58;Enc_calcar;0;Previous;TRE
58;Sponges;7.04;Previous;TRE
58;Milleporids;8.32;Previous;TRE
58;Mass_corals;4.67;Previous;TRE
58;Zoanthids;7.7;Previous;TRE
58;Octocorals;5.92;Previous;TRE
59;Algal_turf;38.82;Previous;TRE
59;Macroalgae;14.76;Previous;TRE
59;Enc_calcar;3.49;Previous;TRE
59;Sponges;7.45;Previous;TRE
59;Milleporids;0;Previous;TRE
59;Mass_corals;5.4;Previous;TRE
59;Zoanthids;17.99;Previous;TRE
59;Octocorals;12.09;Previous;TRE
60;Algal_turf;52.05;Previous;TRE
60;Macroalgae;0.42;Previous;TRE
60;Enc_calcar;18.65;Previous;TRE
60;Sponges;0;Previous;TRE
60;Milleporids;2.87;Previous;TRE
60;Mass_corals;2.99;Previous;TRE
60;Zoanthids;9.08;Previous;TRE
60;Octocorals;13.94;Previous;TRE
61;Algal_turf;47.46;Previous;TRE
61;Macroalgae;0;Previous;TRE
61;Enc_calcar;0;Previous;TRE
61;Sponges;20.08;Previous;TRE
61;Milleporids;1.67;Previous;TRE
61;Mass_corals;6.27;Previous;TRE
61;Zoanthids;24.53;Previous;TRE
61;Octocorals;-0.01;Previous;TRE
62;Algal_turf;27.54;Previous;TRE
62;Macroalgae;30.28;Previous;TRE
62;Enc_calcar;0;Previous;TRE
62;Sponges;5.61;Previous;TRE
62;Milleporids;0;Previous;TRE
62;Mass_corals;8.93;Previous;TRE
62;Zoanthids;26.07;Previous;TRE
62;Octocorals;1.57;Previous;TRE
63;Algal_turf;36.56;Previous;TRE
63;Macroalgae;2.62;Previous;TRE
63;Enc_calcar;0;Previous;TRE
63;Sponges;4.71;Previous;TRE
63;Milleporids;13.86;Previous;TRE
63;Mass_corals;13.86;Previous;TRE
63;Zoanthids;14.03;Previous;TRE
63;Octocorals;14.36;Previous;TRE
64;Algal_turf;26.99;Previous;TRE
64;Macroalgae;0;Previous;TRE
64;Enc_calcar;0;Previous;TRE
64;Sponges;26.14;Previous;TRE
64;Milleporids;0;Previous;TRE
64;Mass_corals;3.03;Previous;TRE
64;Zoanthids;0;Previous;TRE
64;Octocorals;43.84;Previous;TRE
65;Algal_turf;27.69;Previous;TRE
65;Macroalgae;8.05;Previous;TRE
65;Enc_calcar;0;Previous;TRE
65;Sponges;0;Previous;TRE
65;Milleporids;25.96;Previous;TRE
65;Mass_corals;0;Previous;TRE
65;Zoanthids;0;Previous;TRE
65;Octocorals;38.3;Previous;TRE
66;Algal_turf;57.96;Previous;TRE
66;Macroalgae;6.17;Previous;TRE
66;Enc_calcar;8.56;Previous;TRE
66;Sponges;0;Previous;TRE
66;Milleporids;17.12;Previous;TRE
66;Mass_corals;2.61;Previous;TRE
66;Zoanthids;3.51;Previous;TRE
66;Octocorals;4.07;Previous;TRE
67;Algal_turf;33.3;Previous;TRE
67;Macroalgae;18.66;Previous;TRE
67;Enc_calcar;0;Previous;TRE
67;Sponges;17.71;Previous;TRE
67;Milleporids;0;Previous;TRE
67;Mass_corals;2;Previous;TRE
67;Zoanthids;16.49;Previous;TRE
67;Octocorals;11.84;Previous;TRE
68;Algal_turf;50.4;Previous;TRE
68;Macroalgae;12.27;Previous;TRE
68;Enc_calcar;7.04;Previous;TRE
68;Sponges;3.66;Previous;TRE
68;Milleporids;14.07;Previous;TRE
68;Mass_corals;1.4;Previous;TRE
68;Zoanthids;0;Previous;TRE
68;Octocorals;11.16;Previous;TRE
69;Algal_turf;36.87;Previous;TRE
69;Macroalgae;13.14;Previous;TRE
69;Enc_calcar;9.58;Previous;TRE
69;Sponges;11.5;Previous;TRE
69;Milleporids;18.38;Previous;TRE
69;Mass_corals;2.94;Previous;TRE
69;Zoanthids;0;Previous;TRE
69;Octocorals;7.59;Previous;TRE
70;Algal_turf;65.99;Previous;TRE
70;Macroalgae;0;Previous;TRE
70;Enc_calcar;18.01;Previous;TRE
70;Sponges;0;Previous;TRE
70;Milleporids;0;Previous;TRE
70;Mass_corals;5.42;Previous;TRE
70;Zoanthids;1.41;Previous;TRE
70;Octocorals;9.17;Previous;TRE
71;Algal_turf;22.53;Previous;TRE
71;Macroalgae;9.77;Previous;TRE
71;Enc_calcar;13.18;Previous;TRE
71;Sponges;0.77;Previous;TRE
71;Milleporids;10.85;Previous;TRE
71;Mass_corals;0;Previous;TRE
71;Zoanthids;14.71;Previous;TRE
71;Octocorals;28.19;Previous;TRE
72;Algal_turf;0;Previous;TRE
72;Macroalgae;13.05;Previous;TRE
72;Enc_calcar;53.26;Previous;TRE
72;Sponges;31.67;Previous;TRE
72;Milleporids;0;Previous;TRE
72;Mass_corals;2.03;Previous;TRE
72;Zoanthids;0;Previous;TRE
72;Octocorals;-0.01;Previous;TRE
73;Algal_turf;46.29;Previous;TRE
73;Macroalgae;7.44;Previous;TRE
73;Enc_calcar;0;Previous;TRE
73;Sponges;4.28;Previous;TRE
73;Milleporids;12.06;Previous;TRE
73;Mass_corals;2.94;Previous;TRE
73;Zoanthids;19.25;Previous;TRE
73;Octocorals;7.74;Previous;TRE
74;Algal_turf;48.37;Previous;TRE
74;Macroalgae;0;Previous;TRE
74;Enc_calcar;0;Previous;TRE
74;Sponges;0;Previous;TRE
74;Milleporids;15.17;Previous;TRE
74;Mass_corals;0;Previous;TRE
74;Zoanthids;36.46;Previous;TRE
74;Octocorals;0;Previous;TRE
75;Algal_turf;30.99;Previous;TRE
75;Macroalgae;0;Previous;TRE
75;Enc_calcar;0.16;Previous;TRE
75;Sponges;3.99;Previous;TRE
75;Milleporids;29.04;Previous;TRE
75;Mass_corals;3.16;Previous;TRE
75;Zoanthids;12.44;Previous;TRE
75;Octocorals;20.22;Previous;TRE
76;Algal_turf;38.84;Previous;TRE
76;Macroalgae;26.75;Previous;TRE
76;Enc_calcar;6.48;Previous;TRE
76;Sponges;0;Previous;TRE
76;Milleporids;0;Previous;TRE
76;Mass_corals;0;Previous;TRE
76;Zoanthids;15.38;Previous;TRE
76;Octocorals;12.55;Previous;TRE
77;Algal_turf;29.76;Previous;TRE
77;Macroalgae;17.17;Previous;TRE
77;Enc_calcar;2.31;Previous;TRE
77;Sponges;8.94;Previous;TRE
77;Milleporids;3.66;Previous;TRE
77;Mass_corals;0;Previous;TRE
77;Zoanthids;16.52;Previous;TRE
77;Octocorals;21.64;Previous;TRE
78;Algal_turf;37.55;Previous;TRE
78;Macroalgae;0;Previous;TRE
78;Enc_calcar;0;Previous;TRE
78;Sponges;45.3;Previous;TRE
78;Milleporids;0;Previous;TRE
78;Mass_corals;0;Previous;TRE
78;Zoanthids;17.15;Previous;TRE
78;Octocorals;0;Previous;TRE
79;Algal_turf;45.59;Previous;TRE
79;Macroalgae;0;Previous;TRE
79;Enc_calcar;21.12;Previous;TRE
79;Sponges;0;Previous;TRE
79;Milleporids;2.61;Previous;TRE
79;Mass_corals;0;Previous;TRE
79;Zoanthids;16.47;Previous;TRE
79;Octocorals;14.21;Previous;TRE
80;Algal_turf;32.49;Previous;TRE
80;Macroalgae;0;Previous;TRE
80;Enc_calcar;11.28;Previous;TRE
80;Sponges;13.48;Previous;TRE
80;Milleporids;0;Previous;TRE
80;Mass_corals;0;Previous;TRE
80;Zoanthids;20.01;Previous;TRE
80;Octocorals;22.74;Previous;TRE
81;Algal_turf;33.11;Previous;TRE
81;Macroalgae;39.35;Previous;TRE
81;Enc_calcar;4.96;Previous;TRE
81;Sponges;0;Previous;TRE
81;Milleporids;0;Previous;TRE
81;Mass_corals;3.26;Previous;TRE
81;Zoanthids;14.84;Previous;TRE
81;Octocorals;4.48;Previous;TRE
82;Algal_turf;37.31;Previous;TRE
82;Macroalgae;24.28;Previous;TRE
82;Enc_calcar;12.04;Previous;TRE
82;Sponges;5.65;Previous;TRE
82;Milleporids;8.26;Previous;TRE
82;Mass_corals;5.39;Previous;TRE
82;Zoanthids;1.38;Previous;TRE
82;Octocorals;5.69;Previous;TRE
83;Algal_turf;39.24;Previous;TRE
83;Macroalgae;4.77;Previous;TRE
83;Enc_calcar;0;Previous;TRE
83;Sponges;11.89;Previous;TRE
83;Milleporids;0;Previous;TRE
83;Mass_corals;0;Previous;TRE
83;Zoanthids;32.51;Previous;TRE
83;Octocorals;11.59;Previous;TRE
84;Algal_turf;36.98;Previous;TRE
84;Macroalgae;12.22;Previous;TRE
84;Enc_calcar;6.88;Previous;TRE
84;Sponges;0.59;Previous;TRE
84;Milleporids;13.81;Previous;TRE
84;Mass_corals;0;Previous;TRE
84;Zoanthids;20.59;Previous;TRE
84;Octocorals;8.93;Previous;TRE
85;Algal_turf;50.46;Previous;TRE
85;Macroalgae;1.67;Previous;TRE
85;Enc_calcar;0;Previous;TRE
85;Sponges;0;Previous;TRE
85;Milleporids;0;Previous;TRE
85;Mass_corals;0;Previous;TRE
85;Zoanthids;24.21;Previous;TRE
85;Octocorals;23.66;Previous;TRE
86;Algal_turf;45.02;Previous;TRE
86;Macroalgae;0.04;Previous;TRE
86;Enc_calcar;9.88;Previous;TRE
86;Sponges;4.27;Previous;TRE
86;Milleporids;5.4;Previous;TRE
86;Mass_corals;0;Previous;TRE
86;Zoanthids;13.76;Previous;TRE
86;Octocorals;21.63;Previous;TRE
87;Algal_turf;61.5;Previous;TRE
87;Macroalgae;0;Previous;TRE
87;Enc_calcar;2.84;Previous;TRE
87;Sponges;6.81;Previous;TRE
87;Milleporids;9.7;Previous;TRE
87;Mass_corals;0.67;Previous;TRE
87;Zoanthids;10.39;Previous;TRE
87;Octocorals;8.09;Previous;TRE
88;Algal_turf;34.46;Previous;TRE
88;Macroalgae;0;Previous;TRE
88;Enc_calcar;6.85;Previous;TRE
88;Sponges;8.04;Previous;TRE
88;Milleporids;7.51;Previous;TRE
88;Mass_corals;3.07;Previous;TRE
88;Zoanthids;32.1;Previous;TRE
88;Octocorals;7.97;Previous;TRE
89;Algal_turf;23.04;Previous;TRE
89;Macroalgae;27.01;Previous;TRE
89;Enc_calcar;12.1;Previous;TRE
89;Sponges;0;Previous;TRE
89;Milleporids;1.01;Previous;TRE
89;Mass_corals;0.2;Previous;TRE
89;Zoanthids;11.9;Previous;TRE
89;Octocorals;24.74;Previous;TRE
90;Algal_turf;62.28;Previous;TRE
90;Macroalgae;7.04;Previous;TRE
90;Enc_calcar;3.46;Previous;TRE
90;Sponges;0;Previous;TRE
90;Milleporids;5.12;Previous;TRE
90;Mass_corals;0;Previous;TRE
90;Zoanthids;9.1;Previous;TRE
90;Octocorals;13;Previous;TRE
91;Algal_turf;47.61;Previous;TRE
91;Macroalgae;8.02;Previous;TRE
91;Enc_calcar;10.4;Previous;TRE
91;Sponges;12.93;Previous;TRE
91;Milleporids;11.26;Previous;TRE
91;Mass_corals;1.12;Previous;TRE
91;Zoanthids;0;Previous;TRE
91;Octocorals;8.66;Previous;TRE
92;Algal_turf;60.6;Previous;TRE
92;Macroalgae;14.76;Previous;TRE
92;Enc_calcar;0;Previous;TRE
92;Sponges;15.31;Previous;TRE
92;Milleporids;0;Previous;TRE
92;Mass_corals;9.34;Previous;TRE
92;Zoanthids;0;Previous;TRE
92;Octocorals;-0.01;Previous;TRE
93;Algal_turf;40.64;Previous;TRE
93;Macroalgae;27.17;Previous;TRE
93;Enc_calcar;0;Previous;TRE
93;Sponges;6.45;Previous;TRE
93;Milleporids;0;Previous;TRE
93;Mass_corals;7.28;Previous;TRE
93;Zoanthids;9.86;Previous;TRE
93;Octocorals;8.6;Previous;TRE
94;Algal_turf;29.67;Previous;TRE
94;Macroalgae;0;Previous;TRE
94;Enc_calcar;22.11;Previous;TRE
94;Sponges;11.78;Previous;TRE
94;Milleporids;9.49;Previous;TRE
94;Mass_corals;0;Previous;TRE
94;Zoanthids;18.3;Previous;TRE
94;Octocorals;8.65;Previous;TRE
95;Algal_turf;61.14;Previous;TRE
95;Macroalgae;0;Previous;TRE
95;Enc_calcar;6.31;Previous;TRE
95;Sponges;10.25;Previous;TRE
95;Milleporids;0;Previous;TRE
95;Mass_corals;0;Previous;TRE
95;Zoanthids;14.22;Previous;TRE
95;Octocorals;8.08;Previous;TRE
96;Algal_turf;20.32;Previous;TRE
96;Macroalgae;30.07;Previous;TRE
96;Enc_calcar;0;Previous;TRE
96;Sponges;0;Previous;TRE
96;Milleporids;15.16;Previous;TRE
96;Mass_corals;11.57;Previous;TRE
96;Zoanthids;19.9;Previous;TRE
96;Octocorals;2.98;Previous;TRE
97;Algal_turf;69.78;Previous;TRE
97;Macroalgae;0.51;Previous;TRE
97;Enc_calcar;0;Previous;TRE
97;Sponges;10.69;Previous;TRE
97;Milleporids;9.08;Previous;TRE
97;Mass_corals;0.85;Previous;TRE
97;Zoanthids;7.04;Previous;TRE
97;Octocorals;2.05;Previous;TRE
98;Algal_turf;64.11;Previous;TRE
98;Macroalgae;0;Previous;TRE
98;Enc_calcar;1.38;Previous;TRE
98;Sponges;0;Previous;TRE
98;Milleporids;4.58;Previous;TRE
98;Mass_corals;1.23;Previous;TRE
98;Zoanthids;26.74;Previous;TRE
98;Octocorals;1.96;Previous;TRE
99;Algal_turf;54.24;Previous;TRE
99;Macroalgae;0;Previous;TRE
99;Enc_calcar;19.36;Previous;TRE
99;Sponges;8.16;Previous;TRE
99;Milleporids;0;Previous;TRE
99;Mass_corals;6.53;Previous;TRE
99;Zoanthids;0;Previous;TRE
99;Octocorals;11.71;Previous;TRE
100;Algal_turf;33.96;Previous;TRE
100;Macroalgae;0;Previous;TRE
100;Enc_calcar;5.59;Previous;TRE
100;Sponges;0;Previous;TRE
100;Milleporids;10.5;Previous;TRE
100;Mass_corals;0;Previous;TRE
100;Zoanthids;0;Previous;TRE
100;Octocorals;49.95;Previous;TRE
101;Algal_turf;35.2;Previous;TRE
101;Macroalgae;0;Previous;TRE
101;Enc_calcar;14.91;Previous;TRE
101;Sponges;17.5;Previous;TRE
101;Milleporids;1.89;Previous;TRE
101;Mass_corals;0;Previous;TRE
101;Zoanthids;0;Previous;TRE
101;Octocorals;30.5;Previous;TRE
102;Algal_turf;40.92;Previous;TRE
102;Macroalgae;17.37;Previous;TRE
102;Enc_calcar;11.77;Previous;TRE
102;Sponges;0;Previous;TRE
102;Milleporids;3.16;Previous;TRE
102;Mass_corals;0;Previous;TRE
102;Zoanthids;21.46;Previous;TRE
102;Octocorals;5.32;Previous;TRE
103;Algal_turf;33.57;Previous;TRE
103;Macroalgae;27.76;Previous;TRE
103;Enc_calcar;19.98;Previous;TRE
103;Sponges;7.92;Previous;TRE
103;Milleporids;0;Previous;TRE
103;Mass_corals;0;Previous;TRE
103;Zoanthids;10.78;Previous;TRE
103;Octocorals;-0.01;Previous;TRE
104;Algal_turf;33.27;Previous;TRE
104;Macroalgae;22.07;Previous;TRE
104;Enc_calcar;4.39;Previous;TRE
104;Sponges;0;Previous;TRE
104;Milleporids;10.44;Previous;TRE
104;Mass_corals;2.69;Previous;TRE
104;Zoanthids;26;Previous;TRE
104;Octocorals;1.14;Previous;TRE
105;Algal_turf;49.29;Previous;TRE
105;Macroalgae;5.72;Previous;TRE
105;Enc_calcar;8.7;Previous;TRE
105;Sponges;0;Previous;TRE
105;Milleporids;0;Previous;TRE
105;Mass_corals;0;Previous;TRE
105;Zoanthids;22.4;Previous;TRE
105;Octocorals;13.89;Previous;TRE
106;Algal_turf;46.19;Previous;TRE
106;Macroalgae;11.38;Previous;TRE
106;Enc_calcar;0;Previous;TRE
106;Sponges;17.77;Previous;TRE
106;Milleporids;2.64;Previous;TRE
106;Mass_corals;5.97;Previous;TRE
106;Zoanthids;3.41;Previous;TRE
106;Octocorals;12.64;Previous;TRE
107;Algal_turf;37.18;Previous;TRE
107;Macroalgae;0;Previous;TRE
107;Enc_calcar;7.98;Previous;TRE
107;Sponges;17.72;Previous;TRE
107;Milleporids;15.05;Previous;TRE
107;Mass_corals;5.97;Previous;TRE
107;Zoanthids;11.08;Previous;TRE
107;Octocorals;5.02;Previous;TRE
108;Algal_turf;1.76;Previous;TRE
108;Macroalgae;0;Previous;TRE
108;Enc_calcar;0;Previous;TRE
108;Sponges;39.53;Previous;TRE
108;Milleporids;0;Previous;TRE
108;Mass_corals;0;Previous;TRE
108;Zoanthids;0;Previous;TRE
108;Octocorals;58.71;Previous;TRE
109;Algal_turf;38.95;Previous;TRE
109;Macroalgae;30.43;Previous;TRE
109;Enc_calcar;0;Previous;TRE
109;Sponges;4.43;Previous;TRE
109;Milleporids;13.66;Previous;TRE
109;Mass_corals;3.93;Previous;TRE
109;Zoanthids;0;Previous;TRE
109;Octocorals;8.6;Previous;TRE
110;Algal_turf;73.81;Previous;TRE
110;Macroalgae;0;Previous;TRE
110;Enc_calcar;2.21;Previous;TRE
110;Sponges;16.95;Previous;TRE
110;Milleporids;0;Previous;TRE
110;Mass_corals;7.03;Previous;TRE
110;Zoanthids;0;Previous;TRE
110;Octocorals;0;Previous;TRE
111;Algal_turf;17.55;Previous;TRE
111;Macroalgae;28.7;Previous;TRE
111;Enc_calcar;9.13;Previous;TRE
111;Sponges;14.99;Previous;TRE
111;Milleporids;0;Previous;TRE
111;Mass_corals;4.96;Previous;TRE
111;Zoanthids;19.27;Previous;TRE
111;Octocorals;5.4;Previous;TRE
112;Algal_turf;72.81;Previous;TRE
112;Macroalgae;9.29;Previous;TRE
112;Enc_calcar;0;Previous;TRE
112;Sponges;0.09;Previous;TRE
112;Milleporids;12.94;Previous;TRE
112;Mass_corals;1.14;Previous;TRE
112;Zoanthids;3.74;Previous;TRE
112;Octocorals;-0.01;Previous;TRE
113;Algal_turf;3.16;Previous;TRE
113;Macroalgae;18.82;Previous;TRE
113;Enc_calcar;0;Previous;TRE
113;Sponges;0;Previous;TRE
113;Milleporids;20.82;Previous;TRE
113;Mass_corals;2.24;Previous;TRE
113;Zoanthids;37.91;Previous;TRE
113;Octocorals;17.05;Previous;TRE
114;Algal_turf;40.5;Previous;TRE
114;Macroalgae;0;Previous;TRE
114;Enc_calcar;5.03;Previous;TRE
114;Sponges;0.51;Previous;TRE
114;Milleporids;1.66;Previous;TRE
114;Mass_corals;1.58;Previous;TRE
114;Zoanthids;38.18;Previous;TRE
114;Octocorals;12.54;Previous;TRE
115;Algal_turf;54.98;Previous;TRE
115;Macroalgae;0;Previous;TRE
115;Enc_calcar;0;Previous;TRE
115;Sponges;0.78;Previous;TRE
115;Milleporids;10.6;Previous;TRE
115;Mass_corals;9.98;Previous;TRE
115;Zoanthids;9.75;Previous;TRE
115;Octocorals;13.91;Previous;TRE
116;Algal_turf;56.63;Previous;TRE
116;Macroalgae;0;Previous;TRE
116;Enc_calcar;8.4;Previous;TRE
116;Sponges;5.29;Previous;TRE
116;Milleporids;0;Previous;TRE
116;Mass_corals;9.41;Previous;TRE
116;Zoanthids;20.26;Previous;TRE
116;Octocorals;0.01;Previous;TRE
117;Algal_turf;43.81;Previous;TRE
117;Macroalgae;5.44;Previous;TRE
117;Enc_calcar;8;Previous;TRE
117;Sponges;20.64;Previous;TRE
117;Milleporids;3.39;Previous;TRE
117;Mass_corals;6.51;Previous;TRE
117;Zoanthids;0;Previous;TRE
117;Octocorals;12.21;Previous;TRE
118;Algal_turf;43.44;Previous;TRE
118;Macroalgae;27.82;Previous;TRE
118;Enc_calcar;5.76;Previous;TRE
118;Sponges;0;Previous;TRE
118;Milleporids;0;Previous;TRE
118;Mass_corals;0.8;Previous;TRE
118;Zoanthids;0;Previous;TRE
118;Octocorals;22.18;Previous;TRE
119;Algal_turf;26.62;Previous;TRE
119;Macroalgae;18.97;Previous;TRE
119;Enc_calcar;0;Previous;TRE
119;Sponges;8.77;Previous;TRE
119;Milleporids;22.96;Previous;TRE
119;Mass_corals;5.18;Previous;TRE
119;Zoanthids;17.5;Previous;TRE
119;Octocorals;0;Previous;TRE
120;Algal_turf;14.41;Previous;TRE
120;Macroalgae;0;Previous;TRE
120;Enc_calcar;26.46;Previous;TRE
120;Sponges;0.54;Previous;TRE
120;Milleporids;22.17;Previous;TRE
120;Mass_corals;3.66;Previous;TRE
120;Zoanthids;15.38;Previous;TRE
120;Octocorals;17.38;Previous;TRE
1;Algal_turf;0;Current;ESC
1;Macroalgae;10;Current;ESC
1;Enc_calcar;90;Current;ESC
1;Sponges;0;Current;ESC
1;Milleporids;0;Current;ESC
1;Mass_corals;0;Current;ESC
1;Zoanthids;0;Current;ESC
1;Octocorals;0;Current;ESC
1;Ascidians;0;Current;ESC
1;Polychaeta;0;Current;ESC
1;Crinoids;0;Current;ESC
1;Urchin;0;Current;ESC
1;Mollusc_shells;0;Current;ESC
1;Bryozoa;0;Current;ESC
1;Hydrozoa;0;Current;ESC
1;Anthozoa;0;Current;ESC
1;NI;0;Current;ESC
2;Algal_turf;20;Current;ESC
2;Macroalgae;0;Current;ESC
2;Enc_calcar;6.7;Current;ESC
2;Sponges;0;Current;ESC
2;Milleporids;40;Current;ESC
2;Mass_corals;13.3;Current;ESC
2;Zoanthids;0;Current;ESC
2;Octocorals;0;Current;ESC
2;Ascidians;0;Current;ESC
2;Polychaeta;0;Current;ESC
2;Crinoids;0;Current;ESC
2;Urchin;10;Current;ESC
2;Mollusc_shells;10;Current;ESC
2;Bryozoa;0;Current;ESC
2;Hydrozoa;0;Current;ESC
2;Anthozoa;0;Current;ESC
2;NI;0;Current;ESC
3;Algal_turf;10;Current;ESC
3;Macroalgae;0;Current;ESC
3;Enc_calcar;3.3;Current;ESC
3;Sponges;0;Current;ESC
3;Milleporids;36.7;Current;ESC
3;Mass_corals;16.7;Current;ESC
3;Zoanthids;0;Current;ESC
3;Octocorals;0;Current;ESC
3;Ascidians;0;Current;ESC
3;Polychaeta;0;Current;ESC
3;Crinoids;0;Current;ESC
3;Urchin;6.7;Current;ESC
3;Mollusc_shells;26.7;Current;ESC
3;Bryozoa;0;Current;ESC
3;Hydrozoa;0;Current;ESC
3;Anthozoa;0;Current;ESC
3;NI;0;Current;ESC
4;Algal_turf;0;Current;ESC
4;Macroalgae;3.3;Current;ESC
4;Enc_calcar;33.3;Current;ESC
4;Sponges;0;Current;ESC
4;Milleporids;0;Current;ESC
4;Mass_corals;3.3;Current;ESC
4;Zoanthids;0;Current;ESC
4;Octocorals;16.7;Current;ESC
4;Ascidians;0;Current;ESC
4;Polychaeta;0;Current;ESC
4;Crinoids;0;Current;ESC
4;Urchin;0;Current;ESC
4;Mollusc_shells;43.3;Current;ESC
4;Bryozoa;0;Current;ESC
4;Hydrozoa;0;Current;ESC
4;Anthozoa;0;Current;ESC
4;NI;0;Current;ESC
5;Algal_turf;70;Current;ESC
5;Macroalgae;0;Current;ESC
5;Enc_calcar;26.7;Current;ESC
5;Sponges;0;Current;ESC
5;Milleporids;0;Current;ESC
5;Mass_corals;0;Current;ESC
5;Zoanthids;0;Current;ESC
5;Octocorals;0;Current;ESC
5;Ascidians;3.3;Current;ESC
5;Polychaeta;0;Current;ESC
5;Crinoids;0;Current;ESC
5;Urchin;0;Current;ESC
5;Mollusc_shells;0;Current;ESC
5;Bryozoa;0;Current;ESC
5;Hydrozoa;0;Current;ESC
5;Anthozoa;0;Current;ESC
5;NI;0;Current;ESC
6;Algal_turf;46.7;Current;ESC
6;Macroalgae;10;Current;ESC
6;Enc_calcar;23.3;Current;ESC
6;Sponges;0;Current;ESC
6;Milleporids;0;Current;ESC
6;Mass_corals;0;Current;ESC
6;Zoanthids;0;Current;ESC
6;Octocorals;20;Current;ESC
6;Ascidians;0;Current;ESC
6;Polychaeta;0;Current;ESC
6;Crinoids;0;Current;ESC
6;Urchin;0;Current;ESC
6;Mollusc_shells;0;Current;ESC
6;Bryozoa;0;Current;ESC
6;Hydrozoa;0;Current;ESC
6;Anthozoa;0;Current;ESC
6;NI;0;Current;ESC
7;Algal_turf;30;Current;ESC
7;Macroalgae;20;Current;ESC
7;Enc_calcar;30;Current;ESC
7;Sponges;0;Current;ESC
7;Milleporids;0;Current;ESC
7;Mass_corals;0;Current;ESC
7;Zoanthids;0;Current;ESC
7;Octocorals;0;Current;ESC
7;Ascidians;20;Current;ESC
7;Polychaeta;0;Current;ESC
7;Crinoids;0;Current;ESC
7;Urchin;0;Current;ESC
7;Mollusc_shells;0;Current;ESC
7;Bryozoa;0;Current;ESC
7;Hydrozoa;0;Current;ESC
7;Anthozoa;0;Current;ESC
7;NI;0;Current;ESC
8;Algal_turf;10;Current;ESC
8;Macroalgae;0;Current;ESC
8;Enc_calcar;86.7;Current;ESC
8;Sponges;0;Current;ESC
8;Milleporids;0;Current;ESC
8;Mass_corals;0;Current;ESC
8;Zoanthids;0;Current;ESC
8;Octocorals;0;Current;ESC
8;Ascidians;0;Current;ESC
8;Polychaeta;0;Current;ESC
8;Crinoids;0;Current;ESC
8;Urchin;3.3;Current;ESC
8;Mollusc_shells;0;Current;ESC
8;Bryozoa;0;Current;ESC
8;Hydrozoa;0;Current;ESC
8;Anthozoa;0;Current;ESC
8;NI;0;Current;ESC
9;Algal_turf;86.7;Current;ESC
9;Macroalgae;6.7;Current;ESC
9;Enc_calcar;0;Current;ESC
9;Sponges;0;Current;ESC
9;Milleporids;0;Current;ESC
9;Mass_corals;0;Current;ESC
9;Zoanthids;0;Current;ESC
9;Octocorals;6.7;Current;ESC
9;Ascidians;0;Current;ESC
9;Polychaeta;0;Current;ESC
9;Crinoids;0;Current;ESC
9;Urchin;0;Current;ESC
9;Mollusc_shells;0;Current;ESC
9;Bryozoa;0;Current;ESC
9;Hydrozoa;0;Current;ESC
9;Anthozoa;0;Current;ESC
9;NI;0;Current;ESC
10;Algal_turf;0;Current;ESC
10;Macroalgae;0;Current;ESC
10;Enc_calcar;0;Current;ESC
10;Sponges;0;Current;ESC
10;Milleporids;0;Current;ESC
10;Mass_corals;3.3;Current;ESC
10;Zoanthids;0;Current;ESC
10;Octocorals;0;Current;ESC
10;Ascidians;0;Current;ESC
10;Polychaeta;0;Current;ESC
10;Crinoids;0;Current;ESC
10;Urchin;0;Current;ESC
10;Mollusc_shells;96.7;Current;ESC
10;Bryozoa;0;Current;ESC
10;Hydrozoa;0;Current;ESC
10;Anthozoa;0;Current;ESC
10;NI;0;Current;ESC
11;Algal_turf;30;Current;ESC
11;Macroalgae;6.7;Current;ESC
11;Enc_calcar;16.7;Current;ESC
11;Sponges;0;Current;ESC
11;Milleporids;0;Current;ESC
11;Mass_corals;0;Current;ESC
11;Zoanthids;0;Current;ESC
11;Octocorals;30;Current;ESC
11;Ascidians;3.3;Current;ESC
11;Polychaeta;0;Current;ESC
11;Crinoids;0;Current;ESC
11;Urchin;0;Current;ESC
11;Mollusc_shells;13.3;Current;ESC
11;Bryozoa;0;Current;ESC
11;Hydrozoa;0;Current;ESC
11;Anthozoa;0;Current;ESC
11;NI;0;Current;ESC
12;Algal_turf;90;Current;ESC
12;Macroalgae;0;Current;ESC
12;Enc_calcar;10;Current;ESC
12;Sponges;0;Current;ESC
12;Milleporids;0;Current;ESC
12;Mass_corals;0;Current;ESC
12;Zoanthids;0;Current;ESC
12;Octocorals;0;Current;ESC
12;Ascidians;0;Current;ESC
12;Polychaeta;0;Current;ESC
12;Crinoids;0;Current;ESC
12;Urchin;0;Current;ESC
12;Mollusc_shells;0;Current;ESC
12;Bryozoa;0;Current;ESC
12;Hydrozoa;0;Current;ESC
12;Anthozoa;0;Current;ESC
12;NI;0;Current;ESC
13;Algal_turf;50;Current;ESC
13;Macroalgae;6.7;Current;ESC
13;Enc_calcar;16.7;Current;ESC
13;Sponges;3.3;Current;ESC
13;Milleporids;0;Current;ESC
13;Mass_corals;0;Current;ESC
13;Zoanthids;0;Current;ESC
13;Octocorals;23.3;Current;ESC
13;Ascidians;0;Current;ESC
13;Polychaeta;0;Current;ESC
13;Crinoids;0;Current;ESC
13;Urchin;0;Current;ESC
13;Mollusc_shells;0;Current;ESC
13;Bryozoa;0;Current;ESC
13;Hydrozoa;0;Current;ESC
13;Anthozoa;0;Current;ESC
13;NI;0;Current;ESC
14;Algal_turf;73.3;Current;ESC
14;Macroalgae;0;Current;ESC
14;Enc_calcar;0;Current;ESC
14;Sponges;3.3;Current;ESC
14;Milleporids;0;Current;ESC
14;Mass_corals;0;Current;ESC
14;Zoanthids;0;Current;ESC
14;Octocorals;23.3;Current;ESC
14;Ascidians;0;Current;ESC
14;Polychaeta;0;Current;ESC
14;Crinoids;0;Current;ESC
14;Urchin;0;Current;ESC
14;Mollusc_shells;0;Current;ESC
14;Bryozoa;0;Current;ESC
14;Hydrozoa;0;Current;ESC
14;Anthozoa;0;Current;ESC
14;NI;0;Current;ESC
15;Algal_turf;63.3;Current;ESC
15;Macroalgae;0;Current;ESC
15;Enc_calcar;33.3;Current;ESC
15;Sponges;3.3;Current;ESC
15;Milleporids;0;Current;ESC
15;Mass_corals;0;Current;ESC
15;Zoanthids;0;Current;ESC
15;Octocorals;0;Current;ESC
15;Ascidians;0;Current;ESC
15;Polychaeta;0;Current;ESC
15;Crinoids;0;Current;ESC
15;Urchin;0;Current;ESC
15;Mollusc_shells;0;Current;ESC
15;Bryozoa;0;Current;ESC
15;Hydrozoa;0;Current;ESC
15;Anthozoa;0;Current;ESC
15;NI;0;Current;ESC
16;Algal_turf;36.7;Current;ESC
16;Macroalgae;40;Current;ESC
16;Enc_calcar;0;Current;ESC
16;Sponges;6.7;Current;ESC
16;Milleporids;0;Current;ESC
16;Mass_corals;0;Current;ESC
16;Zoanthids;0;Current;ESC
16;Octocorals;13.3;Current;ESC
16;Ascidians;3.3;Current;ESC
16;Polychaeta;0;Current;ESC
16;Crinoids;0;Current;ESC
16;Urchin;0;Current;ESC
16;Mollusc_shells;0;Current;ESC
16;Bryozoa;0;Current;ESC
16;Hydrozoa;0;Current;ESC
16;Anthozoa;0;Current;ESC
16;NI;0;Current;ESC
17;Algal_turf;0;Current;ESC
17;Macroalgae;3.3;Current;ESC
17;Enc_calcar;70;Current;ESC
17;Sponges;0;Current;ESC
17;Milleporids;0;Current;ESC
17;Mass_corals;0;Current;ESC
17;Zoanthids;0;Current;ESC
17;Octocorals;13.3;Current;ESC
17;Ascidians;0;Current;ESC
17;Polychaeta;0;Current;ESC
17;Crinoids;0;Current;ESC
17;Urchin;13.3;Current;ESC
17;Mollusc_shells;0;Current;ESC
17;Bryozoa;0;Current;ESC
17;Hydrozoa;0;Current;ESC
17;Anthozoa;0;Current;ESC
17;NI;0;Current;ESC
18;Algal_turf;13.3;Current;ESC
18;Macroalgae;63.3;Current;ESC
18;Enc_calcar;0;Current;ESC
18;Sponges;3.3;Current;ESC
18;Milleporids;0;Current;ESC
18;Mass_corals;0;Current;ESC
18;Zoanthids;0;Current;ESC
18;Octocorals;0;Current;ESC
18;Ascidians;20;Current;ESC
18;Polychaeta;0;Current;ESC
18;Crinoids;0;Current;ESC
18;Urchin;0;Current;ESC
18;Mollusc_shells;0;Current;ESC
18;Bryozoa;0;Current;ESC
18;Hydrozoa;0;Current;ESC
18;Anthozoa;0;Current;ESC
18;NI;0;Current;ESC
19;Algal_turf;3.3;Current;ESC
19;Macroalgae;20;Current;ESC
19;Enc_calcar;70;Current;ESC
19;Sponges;0;Current;ESC
19;Milleporids;0;Current;ESC
19;Mass_corals;6.7;Current;ESC
19;Zoanthids;0;Current;ESC
19;Octocorals;0;Current;ESC
19;Ascidians;0;Current;ESC
19;Polychaeta;0;Current;ESC
19;Crinoids;0;Current;ESC
19;Urchin;0;Current;ESC
19;Mollusc_shells;0;Current;ESC
19;Bryozoa;0;Current;ESC
19;Hydrozoa;0;Current;ESC
19;Anthozoa;0;Current;ESC
19;NI;0;Current;ESC
20;Algal_turf;0;Current;ESC
20;Macroalgae;33.3;Current;ESC
20;Enc_calcar;43.3;Current;ESC
20;Sponges;0;Current;ESC
20;Milleporids;0;Current;ESC
20;Mass_corals;0;Current;ESC
20;Zoanthids;0;Current;ESC
20;Octocorals;20;Current;ESC
20;Ascidians;3.3;Current;ESC
20;Polychaeta;0;Current;ESC
20;Crinoids;0;Current;ESC
20;Urchin;0;Current;ESC
20;Mollusc_shells;0;Current;ESC
20;Bryozoa;0;Current;ESC
20;Hydrozoa;0;Current;ESC
20;Anthozoa;0;Current;ESC
20;NI;0;Current;ESC
21;Algal_turf;16.7;Current;ESC
21;Macroalgae;60;Current;ESC
21;Enc_calcar;6.7;Current;ESC
21;Sponges;0;Current;ESC
21;Milleporids;0;Current;ESC
21;Mass_corals;0;Current;ESC
21;Zoanthids;0;Current;ESC
21;Octocorals;3.3;Current;ESC
21;Ascidians;0;Current;ESC
21;Polychaeta;0;Current;ESC
21;Crinoids;0;Current;ESC
21;Urchin;0;Current;ESC
21;Mollusc_shells;0;Current;ESC
21;Bryozoa;13.3;Current;ESC
21;Hydrozoa;0;Current;ESC
21;Anthozoa;0;Current;ESC
21;NI;0;Current;ESC
22;Algal_turf;10;Current;ESC
22;Macroalgae;46.7;Current;ESC
22;Enc_calcar;20;Current;ESC
22;Sponges;0;Current;ESC
22;Milleporids;0;Current;ESC
22;Mass_corals;0;Current;ESC
22;Zoanthids;0;Current;ESC
22;Octocorals;13.3;Current;ESC
22;Ascidians;10;Current;ESC
22;Polychaeta;0;Current;ESC
22;Crinoids;0;Current;ESC
22;Urchin;0;Current;ESC
22;Mollusc_shells;0;Current;ESC
22;Bryozoa;0;Current;ESC
22;Hydrozoa;0;Current;ESC
22;Anthozoa;0;Current;ESC
22;NI;0;Current;ESC
23;Algal_turf;13.3;Current;ESC
23;Macroalgae;50;Current;ESC
23;Enc_calcar;36.7;Current;ESC
23;Sponges;0;Current;ESC
23;Milleporids;0;Current;ESC
23;Mass_corals;0;Current;ESC
23;Zoanthids;0;Current;ESC
23;Octocorals;0;Current;ESC
23;Ascidians;0;Current;ESC
23;Polychaeta;0;Current;ESC
23;Crinoids;0;Current;ESC
23;Urchin;0;Current;ESC
23;Mollusc_shells;0;Current;ESC
23;Bryozoa;0;Current;ESC
23;Hydrozoa;0;Current;ESC
23;Anthozoa;0;Current;ESC
23;NI;0;Current;ESC
24;Algal_turf;0;Current;ESC
24;Macroalgae;50;Current;ESC
24;Enc_calcar;26.7;Current;ESC
24;Sponges;0;Current;ESC
24;Milleporids;0;Current;ESC
24;Mass_corals;0;Current;ESC
24;Zoanthids;0;Current;ESC
24;Octocorals;23.3;Current;ESC
24;Ascidians;0;Current;ESC
24;Polychaeta;0;Current;ESC
24;Crinoids;0;Current;ESC
24;Urchin;0;Current;ESC
24;Mollusc_shells;0;Current;ESC
24;Bryozoa;0;Current;ESC
24;Hydrozoa;0;Current;ESC
24;Anthozoa;0;Current;ESC
24;NI;0;Current;ESC
25;Algal_turf;66.7;Current;ESC
25;Macroalgae;0;Current;ESC
25;Enc_calcar;6.7;Current;ESC
25;Sponges;3.3;Current;ESC
25;Milleporids;0;Current;ESC
25;Mass_corals;0;Current;ESC
25;Zoanthids;0;Current;ESC
25;Octocorals;0;Current;ESC
25;Ascidians;13.3;Current;ESC
25;Polychaeta;0;Current;ESC
25;Crinoids;0;Current;ESC
25;Urchin;0;Current;ESC
25;Mollusc_shells;10;Current;ESC
25;Bryozoa;0;Current;ESC
25;Hydrozoa;0;Current;ESC
25;Anthozoa;0;Current;ESC
25;NI;0;Current;ESC
26;Algal_turf;73.3;Current;ESC
26;Macroalgae;0;Current;ESC
26;Enc_calcar;10;Current;ESC
26;Sponges;10;Current;ESC
26;Milleporids;0;Current;ESC
26;Mass_corals;0;Current;ESC
26;Zoanthids;0;Current;ESC
26;Octocorals;0;Current;ESC
26;Ascidians;6.7;Current;ESC
26;Polychaeta;0;Current;ESC
26;Crinoids;0;Current;ESC
26;Urchin;0;Current;ESC
26;Mollusc_shells;0;Current;ESC
26;Bryozoa;0;Current;ESC
26;Hydrozoa;0;Current;ESC
26;Anthozoa;0;Current;ESC
26;NI;0;Current;ESC
27;Algal_turf;76.7;Current;ESC
27;Macroalgae;0;Current;ESC
27;Enc_calcar;13.3;Current;ESC
27;Sponges;3.3;Current;ESC
27;Milleporids;0;Current;ESC
27;Mass_corals;0;Current;ESC
27;Zoanthids;0;Current;ESC
27;Octocorals;0;Current;ESC
27;Ascidians;0;Current;ESC
27;Polychaeta;0;Current;ESC
27;Crinoids;0;Current;ESC
27;Urchin;0;Current;ESC
27;Mollusc_shells;6.7;Current;ESC
27;Bryozoa;0;Current;ESC
27;Hydrozoa;0;Current;ESC
27;Anthozoa;0;Current;ESC
27;NI;0;Current;ESC
28;Algal_turf;70;Current;ESC
28;Macroalgae;23.3;Current;ESC
28;Enc_calcar;0;Current;ESC
28;Sponges;3.3;Current;ESC
28;Milleporids;0;Current;ESC
28;Mass_corals;0;Current;ESC
28;Zoanthids;0;Current;ESC
28;Octocorals;0;Current;ESC
28;Ascidians;0;Current;ESC
28;Polychaeta;0;Current;ESC
28;Crinoids;0;Current;ESC
28;Urchin;0;Current;ESC
28;Mollusc_shells;3.3;Current;ESC
28;Bryozoa;0;Current;ESC
28;Hydrozoa;0;Current;ESC
28;Anthozoa;0;Current;ESC
28;NI;0;Current;ESC
29;Algal_turf;23.3;Current;ESC
29;Macroalgae;60;Current;ESC
29;Enc_calcar;0;Current;ESC
29;Sponges;6.7;Current;ESC
29;Milleporids;0;Current;ESC
29;Mass_corals;0;Current;ESC
29;Zoanthids;0;Current;ESC
29;Octocorals;0;Current;ESC
29;Ascidians;0;Current;ESC
29;Polychaeta;3.3;Current;ESC
29;Crinoids;3.3;Current;ESC
29;Urchin;0;Current;ESC
29;Mollusc_shells;3.3;Current;ESC
29;Bryozoa;0;Current;ESC
29;Hydrozoa;0;Current;ESC
29;Anthozoa;0;Current;ESC
29;NI;0;Current;ESC
30;Algal_turf;76.7;Current;ESC
30;Macroalgae;6.7;Current;ESC
30;Enc_calcar;0;Current;ESC
30;Sponges;0;Current;ESC
30;Milleporids;0;Current;ESC
30;Mass_corals;0;Current;ESC
30;Zoanthids;0;Current;ESC
30;Octocorals;16.7;Current;ESC
30;Ascidians;0;Current;ESC
30;Polychaeta;0;Current;ESC
30;Crinoids;0;Current;ESC
30;Urchin;0;Current;ESC
30;Mollusc_shells;0;Current;ESC
30;Bryozoa;0;Current;ESC
30;Hydrozoa;0;Current;ESC
30;Anthozoa;0;Current;ESC
30;NI;0;Current;ESC
31;Algal_turf;53.3;Current;ESC
31;Macroalgae;0;Current;ESC
31;Enc_calcar;0;Current;ESC
31;Sponges;0;Current;ESC
31;Milleporids;0;Current;ESC
31;Mass_corals;0;Current;ESC
31;Zoanthids;0;Current;ESC
31;Octocorals;0;Current;ESC
31;Ascidians;0;Current;ESC
31;Polychaeta;0;Current;ESC
31;Crinoids;3.3;Current;ESC
31;Urchin;0;Current;ESC
31;Mollusc_shells;43.3;Current;ESC
31;Bryozoa;0;Current;ESC
31;Hydrozoa;0;Current;ESC
31;Anthozoa;0;Current;ESC
31;NI;0;Current;ESC
32;Algal_turf;60;Current;ESC
32;Macroalgae;0;Current;ESC
32;Enc_calcar;0;Current;ESC
32;Sponges;3.3;Current;ESC
32;Milleporids;0;Current;ESC
32;Mass_corals;0;Current;ESC
32;Zoanthids;0;Current;ESC
32;Octocorals;20;Current;ESC
32;Ascidians;0;Current;ESC
32;Polychaeta;0;Current;ESC
32;Crinoids;0;Current;ESC
32;Urchin;0;Current;ESC
32;Mollusc_shells;16.7;Current;ESC
32;Bryozoa;0;Current;ESC
32;Hydrozoa;0;Current;ESC
32;Anthozoa;0;Current;ESC
32;NI;0;Current;ESC
33;Algal_turf;56.7;Current;ESC
33;Macroalgae;0;Current;ESC
33;Enc_calcar;36.7;Current;ESC
33;Sponges;3.3;Current;ESC
33;Milleporids;0;Current;ESC
33;Mass_corals;3.3;Current;ESC
33;Zoanthids;0;Current;ESC
33;Octocorals;0;Current;ESC
33;Ascidians;0;Current;ESC
33;Polychaeta;0;Current;ESC
33;Crinoids;0;Current;ESC
33;Urchin;0;Current;ESC
33;Mollusc_shells;0;Current;ESC
33;Bryozoa;0;Current;ESC
33;Hydrozoa;0;Current;ESC
33;Anthozoa;0;Current;ESC
33;NI;0;Current;ESC
34;Algal_turf;50;Current;ESC
34;Macroalgae;20;Current;ESC
34;Enc_calcar;0;Current;ESC
34;Sponges;6.7;Current;ESC
34;Milleporids;0;Current;ESC
34;Mass_corals;3.3;Current;ESC
34;Zoanthids;0;Current;ESC
34;Octocorals;0;Current;ESC
34;Ascidians;0;Current;ESC
34;Polychaeta;0;Current;ESC
34;Crinoids;0;Current;ESC
34;Urchin;0;Current;ESC
34;Mollusc_shells;20;Current;ESC
34;Bryozoa;0;Current;ESC
34;Hydrozoa;0;Current;ESC
34;Anthozoa;0;Current;ESC
34;NI;0;Current;ESC
35;Algal_turf;73.3;Current;ESC
35;Macroalgae;0;Current;ESC
35;Enc_calcar;20;Current;ESC
35;Sponges;0;Current;ESC
35;Milleporids;0;Current;ESC
35;Mass_corals;0;Current;ESC
35;Zoanthids;6.7;Current;ESC
35;Octocorals;0;Current;ESC
35;Ascidians;0;Current;ESC
35;Polychaeta;0;Current;ESC
35;Crinoids;0;Current;ESC
35;Urchin;0;Current;ESC
35;Mollusc_shells;0;Current;ESC
35;Bryozoa;0;Current;ESC
35;Hydrozoa;0;Current;ESC
35;Anthozoa;0;Current;ESC
35;NI;0;Current;ESC
36;Algal_turf;33.3;Current;ESC
36;Macroalgae;53.3;Current;ESC
36;Enc_calcar;0;Current;ESC
36;Sponges;13.3;Current;ESC
36;Milleporids;0;Current;ESC
36;Mass_corals;0;Current;ESC
36;Zoanthids;0;Current;ESC
36;Octocorals;0;Current;ESC
36;Ascidians;0;Current;ESC
36;Polychaeta;0;Current;ESC
36;Crinoids;0;Current;ESC
36;Urchin;0;Current;ESC
36;Mollusc_shells;0;Current;ESC
36;Bryozoa;0;Current;ESC
36;Hydrozoa;0;Current;ESC
36;Anthozoa;0;Current;ESC
36;NI;0;Current;ESC
1;Algal_turf;32.79;Previous;ESC
1;Enc_calcar;27.59;Previous;ESC
1;Octocorals;4.41;Previous;ESC
1;Macroalgae;22.17;Previous;ESC
1;Sponges;8.32;Previous;ESC
1;Milleporids;4.7;Previous;ESC
1;Mass_corals;0;Previous;ESC
1;Zoanthids;0.02;Previous;ESC
2;Algal_turf;30.94;Previous;ESC
2;Enc_calcar;23.48;Previous;ESC
2;Octocorals;1.47;Previous;ESC
2;Macroalgae;18.19;Previous;ESC
2;Sponges;11.94;Previous;ESC
2;Milleporids;13.18;Previous;ESC
2;Mass_corals;0.79;Previous;ESC
2;Zoanthids;0.01;Previous;ESC
3;Algal_turf;72.58;Previous;ESC
3;Enc_calcar;2.47;Previous;ESC
3;Octocorals;12.34;Previous;ESC
3;Macroalgae;0.72;Previous;ESC
3;Sponges;11;Previous;ESC
3;Milleporids;0;Previous;ESC
3;Mass_corals;0.89;Previous;ESC
3;Zoanthids;0;Previous;ESC
4;Algal_turf;75.69;Previous;ESC
4;Enc_calcar;12.96;Previous;ESC
4;Octocorals;4.39;Previous;ESC
4;Macroalgae;0;Previous;ESC
4;Sponges;0;Previous;ESC
4;Milleporids;6.16;Previous;ESC
4;Mass_corals;0.66;Previous;ESC
4;Zoanthids;0.14;Previous;ESC
5;Algal_turf;43.15;Previous;ESC
5;Enc_calcar;0;Previous;ESC
5;Octocorals;7.19;Previous;ESC
5;Macroalgae;37.71;Previous;ESC
5;Sponges;0;Previous;ESC
5;Milleporids;10.77;Previous;ESC
5;Mass_corals;0;Previous;ESC
5;Zoanthids;1.18;Previous;ESC
6;Algal_turf;79.84;Previous;ESC
6;Enc_calcar;0;Previous;ESC
6;Octocorals;9.2;Previous;ESC
6;Macroalgae;2.98;Previous;ESC
6;Sponges;2.84;Previous;ESC
6;Milleporids;0;Previous;ESC
6;Mass_corals;3.79;Previous;ESC
6;Zoanthids;1.35;Previous;ESC
7;Algal_turf;39.08;Previous;ESC
7;Enc_calcar;18.02;Previous;ESC
7;Octocorals;23.91;Previous;ESC
7;Macroalgae;0;Previous;ESC
7;Sponges;18.9;Previous;ESC
7;Milleporids;0;Previous;ESC
7;Mass_corals;0.09;Previous;ESC
7;Zoanthids;0;Previous;ESC
8;Algal_turf;14.68;Previous;ESC
8;Enc_calcar;53.47;Previous;ESC
8;Octocorals;10.67;Previous;ESC
8;Macroalgae;10.76;Previous;ESC
8;Sponges;0;Previous;ESC
8;Milleporids;0;Previous;ESC
8;Mass_corals;2.54;Previous;ESC
8;Zoanthids;7.88;Previous;ESC
9;Algal_turf;32.39;Previous;ESC
9;Enc_calcar;25.01;Previous;ESC
9;Octocorals;21.43;Previous;ESC
9;Macroalgae;9.27;Previous;ESC
9;Sponges;9.47;Previous;ESC
9;Milleporids;0;Previous;ESC
9;Mass_corals;1.14;Previous;ESC
9;Zoanthids;1.29;Previous;ESC
10;Algal_turf;19.19;Previous;ESC
10;Enc_calcar;26.93;Previous;ESC
10;Octocorals;8.84;Previous;ESC
10;Macroalgae;23.19;Previous;ESC
10;Sponges;19.82;Previous;ESC
10;Milleporids;0.43;Previous;ESC
10;Mass_corals;1.23;Previous;ESC
10;Zoanthids;0.37;Previous;ESC
11;Algal_turf;41.22;Previous;ESC
11;Enc_calcar;40.3;Previous;ESC
11;Octocorals;1.31;Previous;ESC
11;Macroalgae;7.21;Previous;ESC
11;Sponges;4.28;Previous;ESC
11;Milleporids;3.04;Previous;ESC
11;Mass_corals;0.89;Previous;ESC
11;Zoanthids;1.75;Previous;ESC
12;Algal_turf;54.17;Previous;ESC
12;Enc_calcar;3.32;Previous;ESC
12;Octocorals;12.78;Previous;ESC
12;Macroalgae;29.6;Previous;ESC
12;Sponges;0;Previous;ESC
12;Milleporids;0;Previous;ESC
12;Mass_corals;0.13;Previous;ESC
12;Zoanthids;0;Previous;ESC
13;Algal_turf;59.52;Previous;ESC
13;Enc_calcar;0;Previous;ESC
13;Octocorals;32.57;Previous;ESC
13;Macroalgae;0;Previous;ESC
13;Sponges;1.41;Previous;ESC
13;Milleporids;5.39;Previous;ESC
13;Mass_corals;1.11;Previous;ESC
13;Zoanthids;0;Previous;ESC
14;Algal_turf;29.03;Previous;ESC
14;Enc_calcar;28.69;Previous;ESC
14;Octocorals;11.58;Previous;ESC
14;Macroalgae;10.35;Previous;ESC
14;Sponges;9.41;Previous;ESC
14;Milleporids;7.27;Previous;ESC
14;Mass_corals;0;Previous;ESC
14;Zoanthids;3.67;Previous;ESC
15;Algal_turf;40.22;Previous;ESC
15;Enc_calcar;0;Previous;ESC
15;Octocorals;19.97;Previous;ESC
15;Macroalgae;5.72;Previous;ESC
15;Sponges;6.84;Previous;ESC
15;Milleporids;24.28;Previous;ESC
15;Mass_corals;2.5;Previous;ESC
15;Zoanthids;0.47;Previous;ESC
16;Algal_turf;69.39;Previous;ESC
16;Enc_calcar;0;Previous;ESC
16;Octocorals;6.41;Previous;ESC
16;Macroalgae;10.27;Previous;ESC
16;Sponges;1.88;Previous;ESC
16;Milleporids;9;Previous;ESC
16;Mass_corals;0;Previous;ESC
16;Zoanthids;3.05;Previous;ESC
17;Algal_turf;47.13;Previous;ESC
17;Enc_calcar;38.28;Previous;ESC
17;Octocorals;0;Previous;ESC
17;Macroalgae;0;Previous;ESC
17;Sponges;4.23;Previous;ESC
17;Milleporids;7;Previous;ESC
17;Mass_corals;3.37;Previous;ESC
17;Zoanthids;-0.01;Previous;ESC
18;Algal_turf;0;Previous;ESC
18;Enc_calcar;19.99;Previous;ESC
18;Octocorals;57.42;Previous;ESC
18;Macroalgae;0;Previous;ESC
18;Sponges;22.59;Previous;ESC
18;Milleporids;0;Previous;ESC
18;Mass_corals;0;Previous;ESC
18;Zoanthids;0;Previous;ESC
19;Algal_turf;41.74;Previous;ESC
19;Enc_calcar;0;Previous;ESC
19;Octocorals;0;Previous;ESC
19;Macroalgae;38.63;Previous;ESC
19;Sponges;18.85;Previous;ESC
19;Milleporids;0;Previous;ESC
19;Mass_corals;0;Previous;ESC
19;Zoanthids;0.78;Previous;ESC
20;Algal_turf;26.96;Previous;ESC
20;Enc_calcar;19.98;Previous;ESC
20;Octocorals;19.45;Previous;ESC
20;Macroalgae;22.8;Previous;ESC
20;Sponges;7.3;Previous;ESC
20;Milleporids;1.11;Previous;ESC
20;Mass_corals;1.51;Previous;ESC
20;Zoanthids;0.89;Previous;ESC
21;Algal_turf;14.64;Previous;ESC
21;Enc_calcar;14.19;Previous;ESC
21;Octocorals;37.48;Previous;ESC
21;Macroalgae;0;Previous;ESC
21;Sponges;23.69;Previous;ESC
21;Milleporids;8.7;Previous;ESC
21;Mass_corals;1.3;Previous;ESC
21;Zoanthids;0;Previous;ESC
22;Algal_turf;49.93;Previous;ESC
22;Enc_calcar;23.3;Previous;ESC
22;Octocorals;0;Previous;ESC
22;Macroalgae;0;Previous;ESC
22;Sponges;22.48;Previous;ESC
22;Milleporids;3.83;Previous;ESC
22;Mass_corals;0;Previous;ESC
22;Zoanthids;0.46;Previous;ESC
23;Algal_turf;20.56;Previous;ESC
23;Enc_calcar;39;Previous;ESC
23;Octocorals;29.54;Previous;ESC
23;Macroalgae;0;Previous;ESC
23;Sponges;10.9;Previous;ESC
23;Milleporids;0;Previous;ESC
23;Mass_corals;0;Previous;ESC
23;Zoanthids;0;Previous;ESC
24;Algal_turf;19.23;Previous;ESC
24;Enc_calcar;5.57;Previous;ESC
24;Octocorals;8.66;Previous;ESC
24;Macroalgae;52.27;Previous;ESC
24;Sponges;0;Previous;ESC
24;Milleporids;12.1;Previous;ESC
24;Mass_corals;0.55;Previous;ESC
24;Zoanthids;1.62;Previous;ESC
25;Algal_turf;21.76;Previous;ESC
25;Enc_calcar;29.78;Previous;ESC
25;Octocorals;0;Previous;ESC
25;Macroalgae;35.29;Previous;ESC
25;Sponges;2.52;Previous;ESC
25;Milleporids;7.95;Previous;ESC
25;Mass_corals;0.35;Previous;ESC
25;Zoanthids;2.35;Previous;ESC
26;Algal_turf;0;Previous;ESC
26;Enc_calcar;44.21;Previous;ESC
26;Octocorals;0;Previous;ESC
26;Macroalgae;21.61;Previous;ESC
26;Sponges;13.63;Previous;ESC
26;Milleporids;20.55;Previous;ESC
26;Mass_corals;0;Previous;ESC
26;Zoanthids;0;Previous;ESC
27;Algal_turf;46.74;Previous;ESC
27;Enc_calcar;18.73;Previous;ESC
27;Octocorals;0;Previous;ESC
27;Macroalgae;17;Previous;ESC
27;Sponges;6.88;Previous;ESC
27;Milleporids;8.08;Previous;ESC
27;Mass_corals;0.35;Previous;ESC
27;Zoanthids;2.22;Previous;ESC
28;Algal_turf;36.38;Previous;ESC
28;Enc_calcar;37.04;Previous;ESC
28;Octocorals;5.63;Previous;ESC
28;Macroalgae;1.44;Previous;ESC
28;Sponges;18.96;Previous;ESC
28;Milleporids;0;Previous;ESC
28;Mass_corals;0.56;Previous;ESC
28;Zoanthids;-0.01;Previous;ESC
29;Algal_turf;13.3;Previous;ESC
29;Enc_calcar;33.5;Previous;ESC
29;Octocorals;0;Previous;ESC
29;Macroalgae;0.49;Previous;ESC
29;Sponges;41.48;Previous;ESC
29;Milleporids;8.89;Previous;ESC
29;Mass_corals;0.8;Previous;ESC
29;Zoanthids;1.54;Previous;ESC
30;Algal_turf;57.02;Previous;ESC
30;Enc_calcar;5.81;Previous;ESC
30;Octocorals;15.48;Previous;ESC
30;Macroalgae;0;Previous;ESC
30;Sponges;20.26;Previous;ESC
30;Milleporids;0.1;Previous;ESC
30;Mass_corals;0;Previous;ESC
30;Zoanthids;1.33;Previous;ESC
31;Algal_turf;34.66;Previous;ESC
31;Enc_calcar;31.37;Previous;ESC
31;Octocorals;23.4;Previous;ESC
31;Macroalgae;0;Previous;ESC
31;Sponges;4.8;Previous;ESC
31;Milleporids;5.03;Previous;ESC
31;Mass_corals;0.73;Previous;ESC
31;Zoanthids;0.01;Previous;ESC
32;Algal_turf;25.77;Previous;ESC
32;Enc_calcar;33.37;Previous;ESC
32;Octocorals;0;Previous;ESC
32;Macroalgae;36.7;Previous;ESC
32;Sponges;0;Previous;ESC
32;Milleporids;2.31;Previous;ESC
32;Mass_corals;1.85;Previous;ESC
32;Zoanthids;0;Previous;ESC
33;Algal_turf;46.15;Previous;ESC
33;Enc_calcar;22.23;Previous;ESC
33;Octocorals;15.12;Previous;ESC
33;Macroalgae;6.96;Previous;ESC
33;Sponges;3.11;Previous;ESC
33;Milleporids;5.2;Previous;ESC
33;Mass_corals;0.77;Previous;ESC
33;Zoanthids;0.46;Previous;ESC
34;Algal_turf;44.52;Previous;ESC
34;Enc_calcar;15.8;Previous;ESC
34;Octocorals;14.55;Previous;ESC
34;Macroalgae;9.42;Previous;ESC
34;Sponges;6.78;Previous;ESC
34;Milleporids;8.07;Previous;ESC
34;Mass_corals;0;Previous;ESC
34;Zoanthids;0.86;Previous;ESC
35;Algal_turf;52.56;Previous;ESC
35;Enc_calcar;0;Previous;ESC
35;Octocorals;13.64;Previous;ESC
35;Macroalgae;13.69;Previous;ESC
35;Sponges;15.38;Previous;ESC
35;Milleporids;2.86;Previous;ESC
35;Mass_corals;0;Previous;ESC
35;Zoanthids;1.87;Previous;ESC
36;Algal_turf;32.43;Previous;ESC
36;Enc_calcar;29.06;Previous;ESC
36;Octocorals;1;Previous;ESC
36;Macroalgae;20.93;Previous;ESC
36;Sponges;10.78;Previous;ESC
36;Milleporids;5.29;Previous;ESC
36;Mass_corals;0.5;Previous;ESC
36;Zoanthids;0.01;Previous;ESC
37;Algal_turf;66.47;Previous;ESC
37;Enc_calcar;0.18;Previous;ESC
37;Octocorals;13.62;Previous;ESC
37;Macroalgae;0;Previous;ESC
37;Sponges;19.73;Previous;ESC
37;Milleporids;0;Previous;ESC
37;Mass_corals;0;Previous;ESC
37;Zoanthids;0;Previous;ESC
38;Algal_turf;30.85;Previous;ESC
38;Enc_calcar;58.91;Previous;ESC
38;Octocorals;7.56;Previous;ESC
38;Macroalgae;0;Previous;ESC
38;Sponges;0;Previous;ESC
38;Milleporids;0;Previous;ESC
38;Mass_corals;0;Previous;ESC
38;Zoanthids;2.68;Previous;ESC
39;Algal_turf;17.12;Previous;ESC
39;Enc_calcar;29.9;Previous;ESC
39;Octocorals;9.72;Previous;ESC
39;Macroalgae;24.88;Previous;ESC
39;Sponges;9.54;Previous;ESC
39;Milleporids;6.62;Previous;ESC
39;Mass_corals;0.87;Previous;ESC
39;Zoanthids;1.35;Previous;ESC
40;Algal_turf;50.47;Previous;ESC
40;Enc_calcar;16.22;Previous;ESC
40;Octocorals;14.1;Previous;ESC
40;Macroalgae;1.93;Previous;ESC
40;Sponges;6;Previous;ESC
40;Milleporids;9.26;Previous;ESC
40;Mass_corals;0;Previous;ESC
40;Zoanthids;2.02;Previous;ESC
41;Algal_turf;38.91;Previous;ESC
41;Enc_calcar;0;Previous;ESC
41;Octocorals;39.6;Previous;ESC
41;Macroalgae;0;Previous;ESC
41;Sponges;18.32;Previous;ESC
41;Milleporids;0;Previous;ESC
41;Mass_corals;0;Previous;ESC
41;Zoanthids;3.17;Previous;ESC
42;Algal_turf;60.62;Previous;ESC
42;Enc_calcar;0;Previous;ESC
42;Octocorals;14.74;Previous;ESC
42;Macroalgae;0;Previous;ESC
42;Sponges;16.35;Previous;ESC
42;Milleporids;0;Previous;ESC
42;Mass_corals;4.37;Previous;ESC
42;Zoanthids;3.92;Previous;ESC
43;Algal_turf;11.01;Previous;ESC
43;Enc_calcar;32.85;Previous;ESC
43;Octocorals;33.93;Previous;ESC
43;Macroalgae;0;Previous;ESC
43;Sponges;19.22;Previous;ESC
43;Milleporids;2.99;Previous;ESC
43;Mass_corals;0;Previous;ESC
43;Zoanthids;0;Previous;ESC
44;Algal_turf;74.72;Previous;ESC
44;Enc_calcar;7.38;Previous;ESC
44;Octocorals;1.06;Previous;ESC
44;Macroalgae;0;Previous;ESC
44;Sponges;6.88;Previous;ESC
44;Milleporids;6.64;Previous;ESC
44;Mass_corals;1.24;Previous;ESC
44;Zoanthids;2.08;Previous;ESC
45;Algal_turf;67.99;Previous;ESC
45;Enc_calcar;6.5;Previous;ESC
45;Octocorals;0;Previous;ESC
45;Macroalgae;22.96;Previous;ESC
45;Sponges;0;Previous;ESC
45;Milleporids;2.55;Previous;ESC
45;Mass_corals;0;Previous;ESC
45;Zoanthids;0;Previous;ESC
46;Algal_turf;9.64;Previous;ESC
46;Enc_calcar;0;Previous;ESC
46;Octocorals;39.75;Previous;ESC
46;Macroalgae;29.63;Previous;ESC
46;Sponges;14.29;Previous;ESC
46;Milleporids;6.04;Previous;ESC
46;Mass_corals;0;Previous;ESC
46;Zoanthids;0.65;Previous;ESC
47;Algal_turf;29.55;Previous;ESC
47;Enc_calcar;14.66;Previous;ESC
47;Octocorals;7.95;Previous;ESC
47;Macroalgae;25.77;Previous;ESC
47;Sponges;12.74;Previous;ESC
47;Milleporids;9.02;Previous;ESC
47;Mass_corals;0.31;Previous;ESC
47;Zoanthids;0;Previous;ESC
48;Algal_turf;41.59;Previous;ESC
48;Enc_calcar;0;Previous;ESC
48;Octocorals;22.96;Previous;ESC
48;Macroalgae;4.19;Previous;ESC
48;Sponges;8.3;Previous;ESC
48;Milleporids;19.79;Previous;ESC
48;Mass_corals;0;Previous;ESC
48;Zoanthids;3.17;Previous;ESC
49;Algal_turf;57.45;Previous;ESC
49;Enc_calcar;0;Previous;ESC
49;Octocorals;18.23;Previous;ESC
49;Macroalgae;11.44;Previous;ESC
49;Sponges;9.42;Previous;ESC
49;Milleporids;3.46;Previous;ESC
49;Mass_corals;0;Previous;ESC
49;Zoanthids;0;Previous;ESC
50;Algal_turf;57.54;Previous;ESC
50;Enc_calcar;9;Previous;ESC
50;Octocorals;11.07;Previous;ESC
50;Macroalgae;0;Previous;ESC
50;Sponges;15.21;Previous;ESC
50;Milleporids;4.5;Previous;ESC
50;Mass_corals;0.56;Previous;ESC
50;Zoanthids;2.12;Previous;ESC
51;Algal_turf;39.86;Previous;ESC
51;Enc_calcar;34.34;Previous;ESC
51;Octocorals;15.24;Previous;ESC
51;Macroalgae;0;Previous;ESC
51;Sponges;9.41;Previous;ESC
51;Milleporids;0;Previous;ESC
51;Mass_corals;1.15;Previous;ESC
51;Zoanthids;0;Previous;ESC
52;Algal_turf;33.7;Previous;ESC
52;Enc_calcar;0.69;Previous;ESC
52;Octocorals;13.93;Previous;ESC
52;Macroalgae;25.49;Previous;ESC
52;Sponges;22.87;Previous;ESC
52;Milleporids;3.32;Previous;ESC
52;Mass_corals;0;Previous;ESC
52;Zoanthids;0;Previous;ESC
53;Algal_turf;43.29;Previous;ESC
53;Enc_calcar;35.48;Previous;ESC
53;Octocorals;11.24;Previous;ESC
53;Macroalgae;0;Previous;ESC
53;Sponges;6.8;Previous;ESC
53;Milleporids;0;Previous;ESC
53;Mass_corals;0;Previous;ESC
53;Zoanthids;3.19;Previous;ESC
54;Algal_turf;48.56;Previous;ESC
54;Enc_calcar;0;Previous;ESC
54;Octocorals;8.44;Previous;ESC
54;Macroalgae;34.13;Previous;ESC
54;Sponges;6.72;Previous;ESC
54;Milleporids;0;Previous;ESC
54;Mass_corals;0.95;Previous;ESC
54;Zoanthids;1.2;Previous;ESC
55;Algal_turf;35.29;Previous;ESC
55;Enc_calcar;14.9;Previous;ESC
55;Octocorals;12.38;Previous;ESC
55;Macroalgae;8.98;Previous;ESC
55;Sponges;22.1;Previous;ESC
55;Milleporids;2.26;Previous;ESC
55;Mass_corals;0;Previous;ESC
55;Zoanthids;4.09;Previous;ESC
56;Algal_turf;41.7;Previous;ESC
56;Enc_calcar;15.63;Previous;ESC
56;Octocorals;18.34;Previous;ESC
56;Macroalgae;8.08;Previous;ESC
56;Sponges;10.67;Previous;ESC
56;Milleporids;4.97;Previous;ESC
56;Mass_corals;0.38;Previous;ESC
56;Zoanthids;0.23;Previous;ESC
57;Algal_turf;0.62;Previous;ESC
57;Enc_calcar;44.36;Previous;ESC
57;Octocorals;8.54;Previous;ESC
57;Macroalgae;0;Previous;ESC
57;Sponges;39.44;Previous;ESC
57;Milleporids;0;Previous;ESC
57;Mass_corals;2.04;Previous;ESC
57;Zoanthids;5;Previous;ESC
58;Algal_turf;66.5;Previous;ESC
58;Enc_calcar;22.61;Previous;ESC
58;Octocorals;1.05;Previous;ESC
58;Macroalgae;0;Previous;ESC
58;Sponges;2.6;Previous;ESC
58;Milleporids;0.84;Previous;ESC
58;Mass_corals;0.95;Previous;ESC
58;Zoanthids;5.45;Previous;ESC
59;Algal_turf;47;Previous;ESC
59;Enc_calcar;0;Previous;ESC
59;Octocorals;13.88;Previous;ESC
59;Macroalgae;0;Previous;ESC
59;Sponges;33.35;Previous;ESC
59;Milleporids;4.33;Previous;ESC
59;Mass_corals;1.44;Previous;ESC
59;Zoanthids;0;Previous;ESC
